The target system is: Generic -  - cortexr5
The host system is: Linux - 6.14.0-27-generic - x86_64
Compiling the C compiler identification source file "CMakeCCompilerId.c" succeeded.
Compiler: /home/kai/xilinx/2025.1/Vitis/gnu/armr5/lin/gcc-arm-none-eabi/bin/armr5-none-eabi-gcc 
Build flags: ;;-DSDT;-mcpu=cortex-r5;-mfloat-abi=hard;-mfpu=vfpv3-d16;-DARMR5;;-MMD;-MP;-specs=/home/kai/projects/amd/zuboard/vitis_files/pll_connect/zynqmp_fsbl/zynqmp_fsbl_bsp/Xilinx.spec;-Os;-flto;-ffat-lto-objects;-DARMR5;-I/home/kai/projects/amd/zuboard/vitis_files/pll_connect/zynqmp_fsbl/zynqmp_fsbl_bsp/include
Id flags:  

The output was:
0
/home/kai/xilinx/2025.1/gnu/armr5/lin/gcc-arm-none-eabi/x86_64-oesdk-linux/usr/bin/arm-xilinx-eabi/arm-xilinx-eabi-ld.real: warning: cannot find entry symbol _start; defaulting to 00008030


Compilation of the C compiler identification source "CMakeCCompilerId.c" produced "a-CMakeCCompilerId.d"

Compilation of the C compiler identification source "CMakeCCompilerId.c" produced "a.out"

Compiling the C compiler identification source file "CMakeCCompilerId.c" succeeded.
Compiler: /home/kai/xilinx/2025.1/Vitis/gnu/armr5/lin/gcc-arm-none-eabi/bin/armr5-none-eabi-gcc 
Build flags: ;;-DSDT;-mcpu=cortex-r5;-mfloat-abi=hard;-mfpu=vfpv3-d16;-DARMR5;;-MMD;-MP;-specs=/home/kai/projects/amd/zuboard/vitis_files/pll_connect/zynqmp_fsbl/zynqmp_fsbl_bsp/Xilinx.spec;-Os;-flto;-ffat-lto-objects;-DARMR5;-I/home/kai/projects/amd/zuboard/vitis_files/pll_connect/zynqmp_fsbl/zynqmp_fsbl_bsp/include
Id flags: -c 

The output was:
0


Compilation of the C compiler identification source "CMakeCCompilerId.c" produced "CMakeCCompilerId.d"

Compilation of the C compiler identification source "CMakeCCompilerId.c" produced "CMakeCCompilerId.o"

The C compiler identification is GNU, found in "/home/kai/projects/amd/zuboard/vitis_files/pll_connect/zynqmp_fsbl/zynqmp_fsbl_bsp/libsrc/build_configs/gen_bsp/CMakeFiles/3.24.2/CompilerIdC/CMakeCCompilerId.o"

Compiling the CXX compiler identification source file "CMakeCXXCompilerId.cpp" succeeded.
Compiler: /home/kai/xilinx/2025.1/Vitis/gnu/armr5/lin/gcc-arm-none-eabi/bin/armr5-none-eabi-g++ 
Build flags: ;;-DSDT;-mcpu=cortex-r5;-mfloat-abi=hard;-mfpu=vfpv3-d16;-DARMR5;;-MMD;-MP;-specs=/home/kai/projects/amd/zuboard/vitis_files/pll_connect/zynqmp_fsbl/zynqmp_fsbl_bsp/Xilinx.spec;-Os;-flto;-ffat-lto-objects;-DARMR5;-I/home/kai/projects/amd/zuboard/vitis_files/pll_connect/zynqmp_fsbl/zynqmp_fsbl_bsp/include
Id flags:  

The output was:
0
/home/kai/xilinx/2025.1/gnu/armr5/lin/gcc-arm-none-eabi/x86_64-oesdk-linux/usr/bin/arm-xilinx-eabi/arm-xilinx-eabi-ld.real: warning: cannot find entry symbol _start; defaulting to 00008030


Compilation of the CXX compiler identification source "CMakeCXXCompilerId.cpp" produced "a-CMakeCXXCompilerId.d"

Compilation of the CXX compiler identification source "CMakeCXXCompilerId.cpp" produced "a.out"

Compiling the CXX compiler identification source file "CMakeCXXCompilerId.cpp" succeeded.
Compiler: /home/kai/xilinx/2025.1/Vitis/gnu/armr5/lin/gcc-arm-none-eabi/bin/armr5-none-eabi-g++ 
Build flags: ;;-DSDT;-mcpu=cortex-r5;-mfloat-abi=hard;-mfpu=vfpv3-d16;-DARMR5;;-MMD;-MP;-specs=/home/kai/projects/amd/zuboard/vitis_files/pll_connect/zynqmp_fsbl/zynqmp_fsbl_bsp/Xilinx.spec;-Os;-flto;-ffat-lto-objects;-DARMR5;-I/home/kai/projects/amd/zuboard/vitis_files/pll_connect/zynqmp_fsbl/zynqmp_fsbl_bsp/include
Id flags: -c 

The output was:
0


Compilation of the CXX compiler identification source "CMakeCXXCompilerId.cpp" produced "CMakeCXXCompilerId.d"

Compilation of the CXX compiler identification source "CMakeCXXCompilerId.cpp" produced "CMakeCXXCompilerId.o"

The CXX compiler identification is GNU, found in "/home/kai/projects/amd/zuboard/vitis_files/pll_connect/zynqmp_fsbl/zynqmp_fsbl_bsp/libsrc/build_configs/gen_bsp/CMakeFiles/3.24.2/CompilerIdCXX/CMakeCXXCompilerId.o"

Detecting C compiler ABI info compiled with the following output:
Change Dir: /home/kai/projects/amd/zuboard/vitis_files/pll_connect/zynqmp_fsbl/zynqmp_fsbl_bsp/libsrc/build_configs/gen_bsp/CMakeFiles/CMakeTmp

Run Build Command(s):/home/kai/xilinx/2025.1/Vitis/bin/ninja cmTC_bd417 && [1/2] Building C object CMakeFiles/cmTC_bd417.dir/CMakeCCompilerABI.c.obj
Using built-in specs.
Reading specs from /home/kai/projects/amd/zuboard/vitis_files/pll_connect/zynqmp_fsbl/zynqmp_fsbl_bsp/Xilinx.spec
COLLECT_GCC=/home/kai/xilinx/2025.1/Vitis/gnu/armr5/lin/gcc-arm-none-eabi/bin/../x86_64-oesdk-linux/usr/bin/arm-xilinx-eabi/arm-xilinx-eabi-gcc.real
Target: arm-xilinx-eabi
Configured with: ../../../../../../work-shared/gcc-13.3.0-r0/gcc-13.3.0/configure --build=x86_64-linux --host=x86_64-oesdk-linux --target=arm-xilinx-eabi --prefix=/usr/local/oe-sdk-hardcoded-buildpath/sysroots/x86_64-oesdk-linux/usr --exec_prefix=/usr/local/oe-sdk-hardcoded-buildpath/sysroots/x86_64-oesdk-linux/usr --bindir=/usr/local/oe-sdk-hardcoded-buildpath/sysroots/x86_64-oesdk-linux/usr/bin/arm-xilinx-eabi --sbindir=/usr/local/oe-sdk-hardcoded-buildpath/sysroots/x86_64-oesdk-linux/usr/bin/arm-xilinx-eabi --libexecdir=/usr/local/oe-sdk-hardcoded-buildpath/sysroots/x86_64-oesdk-linux/usr/libexec/arm-xilinx-eabi --datadir=/usr/local/oe-sdk-hardcoded-buildpath/sysroots/x86_64-oesdk-linux/usr/share --sysconfdir=/usr/local/oe-sdk-hardcoded-buildpath/sysroots/x86_64-oesdk-linux/etc --sharedstatedir=/usr/local/oe-sdk-hardcoded-buildpath/sysroots/x86_64-oesdk-linux/com --localstatedir=/usr/local/oe-sdk-hardcoded-buildpath/sysroots/x86_64-oesdk-linux/var --libdir=/usr/local/oe-sdk-hardcoded-buildpath/sysroots/x86_64-oesdk-linux/usr/lib/arm-xilinx-eabi --includedir=/usr/local/oe-sdk-hardcoded-buildpath/sysroots/x86_64-oesdk-linux/usr/include --oldincludedir=/usr/local/oe-sdk-hardcoded-buildpath/sysroots/x86_64-oesdk-linux/usr/include --infodir=/usr/local/oe-sdk-hardcoded-buildpath/sysroots/x86_64-oesdk-linux/usr/share/info --mandir=/usr/local/oe-sdk-hardcoded-buildpath/sysroots/x86_64-oesdk-linux/usr/share/man --disable-silent-rules --disable-dependency-tracking --with-libtool-sysroot=/host --with-gnu-ld --enable-shared --enable-languages=c,c++,fortran --enable-threads=posix --enable-multilib --enable-c99 --enable-long-long --enable-libstdcxx-pch --program-prefix=arm-xilinx-eabi- --without-local-prefix --disable-install-libiberty --disable-libssp --enable-libitm --enable-lto --disable-bootstrap --with-system-zlib --enable-linker-build-id --with-ppl=no --with-cloog=no --enable-checking=release --enable-cheaders=c_global --without-isl --with-gxx-include-dir=/not/exist/usr/include/c++/13.3.0 --with-build-time-tools=/host-native/usr/arm-xilinx-eabi/bin --with-sysroot=/not/exist --with-build-sysroot=/host --with-plugin-ld=ld --enable-poison-system-directories --disable-static --enable-nls --with-glibc-version=2.28 --enable-initfini-array --with-multilib-list=rmprofile --enable-multilib --disable-libstdcxx-pch --with-newlib --disable-threads --enable-plugins --with-gnu-as --disable-libitm --disable-tm-clone-registry --disable-tls --disable-decimal-float --with-sysroot=/not/exist
Thread model: single
Supported LTO compression algorithms: zlib zstd
gcc version 13.3.0 (GCC) 
COLLECT_GCC_OPTIONS='--sysroot=/home/kai/xilinx/2025.1/Vitis/gnu/armr5/lin/gcc-arm-none-eabi/bin/../armrm-xilinx-eabi' '-D' 'SDT' '-mcpu=cortex-r5' '-mfloat-abi=hard' '-mfpu=vfpv3-d16' '-D' 'ARMR5' '-MMD' '-MP' '-specs=/home/kai/projects/amd/zuboard/vitis_files/pll_connect/zynqmp_fsbl/zynqmp_fsbl_bsp/Xilinx.spec' '-Os' '-flto' '-ffat-lto-objects' '-D' 'ARMR5' '-I' '/home/kai/projects/amd/zuboard/vitis_files/pll_connect/zynqmp_fsbl/zynqmp_fsbl_bsp/include' '-v' '-o' 'CMakeFiles/cmTC_bd417.dir/CMakeCCompilerABI.c.obj' '-c' '-marm' '-mlibarch=armv7-r+fp+idiv' '-march=armv7-r+fp+idiv' '-dumpdir' 'CMakeFiles/cmTC_bd417.dir/'
 /home/kai/xilinx/2025.1/gnu/armr5/lin/gcc-arm-none-eabi/x86_64-oesdk-linux/usr/bin/arm-xilinx-eabi/../../libexec/arm-xilinx-eabi/gcc/arm-xilinx-eabi/13.3.0/cc1 -quiet -v -I /home/kai/projects/amd/zuboard/vitis_files/pll_connect/zynqmp_fsbl/zynqmp_fsbl_bsp/include -imultilib thumb/v7+fp/hard -iprefix /home/kai/xilinx/2025.1/gnu/armr5/lin/gcc-arm-none-eabi/x86_64-oesdk-linux/usr/bin/arm-xilinx-eabi/../../lib/arm-xilinx-eabi/gcc/arm-xilinx-eabi/13.3.0/ -isysroot /home/kai/xilinx/2025.1/Vitis/gnu/armr5/lin/gcc-arm-none-eabi/bin/../armrm-xilinx-eabi -MMD CMakeFiles/cmTC_bd417.dir/CMakeCCompilerABI.c.d -MP -MQ CMakeFiles/cmTC_bd417.dir/CMakeCCompilerABI.c.obj -D__USES_INITFINI__ -D SDT -D ARMR5 -D ARMR5 /home/kai/xilinx/2025.1/tps/lnx64/cmake-3.24.2/share/cmake-3.24/Modules/CMakeCCompilerABI.c -quiet -dumpdir CMakeFiles/cmTC_bd417.dir/ -dumpbase CMakeCCompilerABI.c.c -dumpbase-ext .c -mcpu=cortex-r5 -mfloat-abi=hard -mfpu=vfpv3-d16 -marm -mlibarch=armv7-r+fp+idiv -march=armv7-r+fp+idiv -Os -version -flto -ffat-lto-objects -o /tmp/ccjWX9wf.s
GNU C17 (GCC) version 13.3.0 (arm-xilinx-eabi)
	compiled by GNU C version 13.3.0, GMP version 6.3.0, MPFR version 4.2.1, MPC version 1.3.1, isl version none
GGC heuristics: --param ggc-min-expand=100 --param ggc-min-heapsize=131072
ignoring nonexistent directory "/home/kai/xilinx/2025.1/gnu/armr5/lin/gcc-arm-none-eabi/x86_64-oesdk-linux/usr/bin/arm-xilinx-eabi/../../lib/arm-xilinx-eabi/gcc/arm-xilinx-eabi/13.3.0/../../../../../arm-xilinx-eabi/include"
ignoring duplicate directory "/home/kai/xilinx/2025.1/gnu/armr5/lin/gcc-arm-none-eabi/x86_64-oesdk-linux/usr/bin/arm-xilinx-eabi/../../lib/arm-xilinx-eabi/gcc/../../../lib/arm-xilinx-eabi/gcc/arm-xilinx-eabi/13.3.0/include"
ignoring nonexistent directory "/home/kai/xilinx/2025.1/Vitis/gnu/armr5/lin/gcc-arm-none-eabi/bin/../armrm-xilinx-eabi/usr/lib/arm-xilinx-eabi/13.3.0/include"
ignoring nonexistent directory "/home/kai/xilinx/2025.1/Vitis/gnu/armr5/lin/gcc-arm-none-eabi/bin/../armrm-xilinx-eabi/usr/local/include"
ignoring duplicate directory "/home/kai/xilinx/2025.1/gnu/armr5/lin/gcc-arm-none-eabi/x86_64-oesdk-linux/usr/bin/arm-xilinx-eabi/../../lib/arm-xilinx-eabi/gcc/../../../lib/arm-xilinx-eabi/gcc/arm-xilinx-eabi/13.3.0/include-fixed"
ignoring nonexistent directory "/home/kai/xilinx/2025.1/gnu/armr5/lin/gcc-arm-none-eabi/x86_64-oesdk-linux/usr/bin/arm-xilinx-eabi/../../lib/arm-xilinx-eabi/gcc/../../../lib/arm-xilinx-eabi/gcc/arm-xilinx-eabi/13.3.0/../../../../../arm-xilinx-eabi/include"
#include "..." search starts here:
#include <...> search starts here:
 /home/kai/projects/amd/zuboard/vitis_files/pll_connect/zynqmp_fsbl/zynqmp_fsbl_bsp/include
 /home/kai/xilinx/2025.1/gnu/armr5/lin/gcc-arm-none-eabi/x86_64-oesdk-linux/usr/bin/arm-xilinx-eabi/../../lib/arm-xilinx-eabi/gcc/arm-xilinx-eabi/13.3.0/include
 /home/kai/xilinx/2025.1/gnu/armr5/lin/gcc-arm-none-eabi/x86_64-oesdk-linux/usr/bin/arm-xilinx-eabi/../../lib/arm-xilinx-eabi/gcc/arm-xilinx-eabi/13.3.0/include-fixed
 /home/kai/xilinx/2025.1/Vitis/gnu/armr5/lin/gcc-arm-none-eabi/bin/../armrm-xilinx-eabi/usr/include/
End of search list.
Compiler executable checksum: e8754903266a6e178dd5a2900f8d5022
COLLECT_GCC_OPTIONS='--sysroot=/home/kai/xilinx/2025.1/Vitis/gnu/armr5/lin/gcc-arm-none-eabi/bin/../armrm-xilinx-eabi' '-D' 'SDT' '-mcpu=cortex-r5' '-mfloat-abi=hard' '-mfpu=vfpv3-d16' '-D' 'ARMR5' '-MMD' '-MP' '-specs=/home/kai/projects/amd/zuboard/vitis_files/pll_connect/zynqmp_fsbl/zynqmp_fsbl_bsp/Xilinx.spec' '-Os' '-flto' '-ffat-lto-objects' '-D' 'ARMR5' '-I' '/home/kai/projects/amd/zuboard/vitis_files/pll_connect/zynqmp_fsbl/zynqmp_fsbl_bsp/include' '-v' '-o' 'CMakeFiles/cmTC_bd417.dir/CMakeCCompilerABI.c.obj' '-c' '-marm' '-mlibarch=armv7-r+fp+idiv' '-march=armv7-r+fp+idiv' '-dumpdir' 'CMakeFiles/cmTC_bd417.dir/'
 /home/kai/xilinx/2025.1/gnu/armr5/lin/gcc-arm-none-eabi/x86_64-oesdk-linux/usr/bin/arm-xilinx-eabi/../../libexec/arm-xilinx-eabi/gcc/arm-xilinx-eabi/13.3.0/as -v -I /home/kai/projects/amd/zuboard/vitis_files/pll_connect/zynqmp_fsbl/zynqmp_fsbl_bsp/include -march=armv7-r+fp+idiv -mfloat-abi=hard -mfpu=vfpv3-d16 -meabi=5 -o CMakeFiles/cmTC_bd417.dir/CMakeCCompilerABI.c.obj /tmp/ccjWX9wf.s
GNU assembler version 2.42.0 (arm-xilinx-eabi) using BFD version (GNU Binutils) 2.42.0.20240723
COMPILER_PATH=/home/kai/xilinx/2025.1/gnu/armr5/lin/gcc-arm-none-eabi/x86_64-oesdk-linux/usr/bin/arm-xilinx-eabi/../../libexec/arm-xilinx-eabi/gcc/arm-xilinx-eabi/13.3.0/:/home/kai/xilinx/2025.1/gnu/armr5/lin/gcc-arm-none-eabi/x86_64-oesdk-linux/usr/bin/arm-xilinx-eabi/../../libexec/arm-xilinx-eabi/gcc/
LIBRARY_PATH=/home/kai/xilinx/2025.1/Vitis/gnu/armr5/lin/gcc-arm-none-eabi/bin/../armrm-xilinx-eabi/usr/lib/thumb/v7+fp/hard/:/home/kai/xilinx/2025.1/gnu/armr5/lin/gcc-arm-none-eabi/x86_64-oesdk-linux/usr/bin/arm-xilinx-eabi/../../lib/arm-xilinx-eabi/gcc/arm-xilinx-eabi/13.3.0/:/home/kai/xilinx/2025.1/gnu/armr5/lin/gcc-arm-none-eabi/x86_64-oesdk-linux/usr/bin/arm-xilinx-eabi/../../lib/arm-xilinx-eabi/gcc/:/home/kai/xilinx/2025.1/Vitis/gnu/armr5/lin/gcc-arm-none-eabi/bin/../armrm-xilinx-eabi/usr/lib/arm-xilinx-eabi/13.3.0/:/home/kai/xilinx/2025.1/Vitis/gnu/armr5/lin/gcc-arm-none-eabi/bin/../armrm-xilinx-eabi/usr/lib/
COLLECT_GCC_OPTIONS='--sysroot=/home/kai/xilinx/2025.1/Vitis/gnu/armr5/lin/gcc-arm-none-eabi/bin/../armrm-xilinx-eabi' '-D' 'SDT' '-mcpu=cortex-r5' '-mfloat-abi=hard' '-mfpu=vfpv3-d16' '-D' 'ARMR5' '-MMD' '-MP' '-specs=/home/kai/projects/amd/zuboard/vitis_files/pll_connect/zynqmp_fsbl/zynqmp_fsbl_bsp/Xilinx.spec' '-Os' '-flto' '-ffat-lto-objects' '-D' 'ARMR5' '-I' '/home/kai/projects/amd/zuboard/vitis_files/pll_connect/zynqmp_fsbl/zynqmp_fsbl_bsp/include' '-v' '-o' 'CMakeFiles/cmTC_bd417.dir/CMakeCCompilerABI.c.obj' '-c' '-marm' '-mlibarch=armv7-r+fp+idiv' '-march=armv7-r+fp+idiv' '-dumpdir' 'CMakeFiles/cmTC_bd417.dir/CMakeCCompilerABI.c.'
[2/2] Linking C executable cmTC_bd417
Using built-in specs.
Reading specs from /home/kai/projects/amd/zuboard/vitis_files/pll_connect/zynqmp_fsbl/zynqmp_fsbl_bsp/Xilinx.spec
COLLECT_GCC=/home/kai/xilinx/2025.1/Vitis/gnu/armr5/lin/gcc-arm-none-eabi/bin/../x86_64-oesdk-linux/usr/bin/arm-xilinx-eabi/arm-xilinx-eabi-gcc.real
COLLECT_LTO_WRAPPER=/home/kai/xilinx/2025.1/gnu/armr5/lin/gcc-arm-none-eabi/x86_64-oesdk-linux/usr/bin/arm-xilinx-eabi/../../libexec/arm-xilinx-eabi/gcc/arm-xilinx-eabi/13.3.0/lto-wrapper
Target: arm-xilinx-eabi
Configured with: ../../../../../../work-shared/gcc-13.3.0-r0/gcc-13.3.0/configure --build=x86_64-linux --host=x86_64-oesdk-linux --target=arm-xilinx-eabi --prefix=/usr/local/oe-sdk-hardcoded-buildpath/sysroots/x86_64-oesdk-linux/usr --exec_prefix=/usr/local/oe-sdk-hardcoded-buildpath/sysroots/x86_64-oesdk-linux/usr --bindir=/usr/local/oe-sdk-hardcoded-buildpath/sysroots/x86_64-oesdk-linux/usr/bin/arm-xilinx-eabi --sbindir=/usr/local/oe-sdk-hardcoded-buildpath/sysroots/x86_64-oesdk-linux/usr/bin/arm-xilinx-eabi --libexecdir=/usr/local/oe-sdk-hardcoded-buildpath/sysroots/x86_64-oesdk-linux/usr/libexec/arm-xilinx-eabi --datadir=/usr/local/oe-sdk-hardcoded-buildpath/sysroots/x86_64-oesdk-linux/usr/share --sysconfdir=/usr/local/oe-sdk-hardcoded-buildpath/sysroots/x86_64-oesdk-linux/etc --sharedstatedir=/usr/local/oe-sdk-hardcoded-buildpath/sysroots/x86_64-oesdk-linux/com --localstatedir=/usr/local/oe-sdk-hardcoded-buildpath/sysroots/x86_64-oesdk-linux/var --libdir=/usr/local/oe-sdk-hardcoded-buildpath/sysroots/x86_64-oesdk-linux/usr/lib/arm-xilinx-eabi --includedir=/usr/local/oe-sdk-hardcoded-buildpath/sysroots/x86_64-oesdk-linux/usr/include --oldincludedir=/usr/local/oe-sdk-hardcoded-buildpath/sysroots/x86_64-oesdk-linux/usr/include --infodir=/usr/local/oe-sdk-hardcoded-buildpath/sysroots/x86_64-oesdk-linux/usr/share/info --mandir=/usr/local/oe-sdk-hardcoded-buildpath/sysroots/x86_64-oesdk-linux/usr/share/man --disable-silent-rules --disable-dependency-tracking --with-libtool-sysroot=/host --with-gnu-ld --enable-shared --enable-languages=c,c++,fortran --enable-threads=posix --enable-multilib --enable-c99 --enable-long-long --enable-libstdcxx-pch --program-prefix=arm-xilinx-eabi- --without-local-prefix --disable-install-libiberty --disable-libssp --enable-libitm --enable-lto --disable-bootstrap --with-system-zlib --enable-linker-build-id --with-ppl=no --with-cloog=no --enable-checking=release --enable-cheaders=c_global --without-isl --with-gxx-include-dir=/not/exist/usr/include/c++/13.3.0 --with-build-time-tools=/host-native/usr/arm-xilinx-eabi/bin --with-sysroot=/not/exist --with-build-sysroot=/host --with-plugin-ld=ld --enable-poison-system-directories --disable-static --enable-nls --with-glibc-version=2.28 --enable-initfini-array --with-multilib-list=rmprofile --enable-multilib --disable-libstdcxx-pch --with-newlib --disable-threads --enable-plugins --with-gnu-as --disable-libitm --disable-tm-clone-registry --disable-tls --disable-decimal-float --with-sysroot=/not/exist
Thread model: single
Supported LTO compression algorithms: zlib zstd
gcc version 13.3.0 (GCC) 
COMPILER_PATH=/home/kai/xilinx/2025.1/gnu/armr5/lin/gcc-arm-none-eabi/x86_64-oesdk-linux/usr/bin/arm-xilinx-eabi/../../libexec/arm-xilinx-eabi/gcc/arm-xilinx-eabi/13.3.0/:/home/kai/xilinx/2025.1/gnu/armr5/lin/gcc-arm-none-eabi/x86_64-oesdk-linux/usr/bin/arm-xilinx-eabi/../../libexec/arm-xilinx-eabi/gcc/
LIBRARY_PATH=/home/kai/xilinx/2025.1/Vitis/gnu/armr5/lin/gcc-arm-none-eabi/bin/../armrm-xilinx-eabi/usr/lib/thumb/v7+fp/hard/:/home/kai/xilinx/2025.1/gnu/armr5/lin/gcc-arm-none-eabi/x86_64-oesdk-linux/usr/bin/arm-xilinx-eabi/../../lib/arm-xilinx-eabi/gcc/arm-xilinx-eabi/13.3.0/:/home/kai/xilinx/2025.1/gnu/armr5/lin/gcc-arm-none-eabi/x86_64-oesdk-linux/usr/bin/arm-xilinx-eabi/../../lib/arm-xilinx-eabi/gcc/:/home/kai/xilinx/2025.1/Vitis/gnu/armr5/lin/gcc-arm-none-eabi/bin/../armrm-xilinx-eabi/usr/lib/arm-xilinx-eabi/13.3.0/:/home/kai/xilinx/2025.1/Vitis/gnu/armr5/lin/gcc-arm-none-eabi/bin/../armrm-xilinx-eabi/usr/lib/
COLLECT_GCC_OPTIONS='--sysroot=/home/kai/xilinx/2025.1/Vitis/gnu/armr5/lin/gcc-arm-none-eabi/bin/../armrm-xilinx-eabi' '-D' 'SDT' '-mcpu=cortex-r5' '-mfloat-abi=hard' '-mfpu=vfpv3-d16' '-D' 'ARMR5' '-MMD' '-MP' '-specs=/home/kai/projects/amd/zuboard/vitis_files/pll_connect/zynqmp_fsbl/zynqmp_fsbl_bsp/Xilinx.spec' '-Os' '-flto' '-ffat-lto-objects' '-D' 'ARMR5' '-I' '/home/kai/projects/amd/zuboard/vitis_files/pll_connect/zynqmp_fsbl/zynqmp_fsbl_bsp/include' '-v' '-o' 'cmTC_bd417' '-marm' '-mlibarch=armv7-r+fp+idiv' '-march=armv7-r+fp+idiv' '-dumpdir' 'cmTC_bd417.'
 /home/kai/xilinx/2025.1/gnu/armr5/lin/gcc-arm-none-eabi/x86_64-oesdk-linux/usr/bin/arm-xilinx-eabi/../../libexec/arm-xilinx-eabi/gcc/arm-xilinx-eabi/13.3.0/collect2 -plugin /home/kai/xilinx/2025.1/gnu/armr5/lin/gcc-arm-none-eabi/x86_64-oesdk-linux/usr/bin/arm-xilinx-eabi/../../libexec/arm-xilinx-eabi/gcc/arm-xilinx-eabi/13.3.0/liblto_plugin.so -plugin-opt=/home/kai/xilinx/2025.1/gnu/armr5/lin/gcc-arm-none-eabi/x86_64-oesdk-linux/usr/bin/arm-xilinx-eabi/../../libexec/arm-xilinx-eabi/gcc/arm-xilinx-eabi/13.3.0/lto-wrapper -plugin-opt=-fresolution=/tmp/ccmm87Kj.res -plugin-opt=-pass-through=-lgcc -plugin-opt=-pass-through=-lc -flto --sysroot=/home/kai/xilinx/2025.1/Vitis/gnu/armr5/lin/gcc-arm-none-eabi/bin/../armrm-xilinx-eabi --build-id -X -o cmTC_bd417 /home/kai/xilinx/2025.1/Vitis/gnu/armr5/lin/gcc-arm-none-eabi/bin/../armrm-xilinx-eabi/usr/lib/thumb/v7+fp/hard/crti.o /home/kai/xilinx/2025.1/Vitis/gnu/armr5/lin/gcc-arm-none-eabi/bin/../armrm-xilinx-eabi/usr/lib/thumb/v7+fp/hard/crtbegin.o -L/home/kai/xilinx/2025.1/Vitis/gnu/armr5/lin/gcc-arm-none-eabi/bin/../armrm-xilinx-eabi/usr/lib/thumb/v7+fp/hard -L/home/kai/xilinx/2025.1/gnu/armr5/lin/gcc-arm-none-eabi/x86_64-oesdk-linux/usr/bin/arm-xilinx-eabi/../../lib/arm-xilinx-eabi/gcc/arm-xilinx-eabi/13.3.0 -L/home/kai/xilinx/2025.1/gnu/armr5/lin/gcc-arm-none-eabi/x86_64-oesdk-linux/usr/bin/arm-xilinx-eabi/../../lib/arm-xilinx-eabi/gcc -L/home/kai/xilinx/2025.1/Vitis/gnu/armr5/lin/gcc-arm-none-eabi/bin/../armrm-xilinx-eabi/usr/lib/arm-xilinx-eabi/13.3.0 -L/home/kai/xilinx/2025.1/Vitis/gnu/armr5/lin/gcc-arm-none-eabi/bin/../armrm-xilinx-eabi/usr/lib --no-warn-rwx-segment CMakeFiles/cmTC_bd417.dir/CMakeCCompilerABI.c.obj --start-group -lgcc -lc --end-group /home/kai/xilinx/2025.1/Vitis/gnu/armr5/lin/gcc-arm-none-eabi/bin/../armrm-xilinx-eabi/usr/lib/thumb/v7+fp/hard/crtend.o /home/kai/xilinx/2025.1/Vitis/gnu/armr5/lin/gcc-arm-none-eabi/bin/../armrm-xilinx-eabi/usr/lib/thumb/v7+fp/hard/crtn.o
/home/kai/xilinx/2025.1/gnu/armr5/lin/gcc-arm-none-eabi/x86_64-oesdk-linux/usr/bin/arm-xilinx-eabi/../../libexec/arm-xilinx-eabi/gcc/arm-xilinx-eabi/13.3.0/lto-wrapper -fresolution=/tmp/ccmm87Kj.res -flinker-output=exec CMakeFiles/cmTC_bd417.dir/CMakeCCompilerABI.c.obj 
/home/kai/xilinx/2025.1/gnu/armr5/lin/gcc-arm-none-eabi/x86_64-oesdk-linux/usr/bin/arm-xilinx-eabi/../../libexec/arm-xilinx-eabi/gcc/arm-xilinx-eabi/13.3.0/lto-wrapper.real -fresolution=/tmp/ccmm87Kj.res -flinker-output=exec CMakeFiles/cmTC_bd417.dir/CMakeCCompilerABI.c.obj 
/home/kai/xilinx/2025.1/Vitis/gnu/armr5/lin/gcc-arm-none-eabi/bin/../x86_64-oesdk-linux/usr/bin/arm-xilinx-eabi/arm-xilinx-eabi-gcc @/tmp/ccVXq9bA
Using built-in specs.
Reading specs from /home/kai/projects/amd/zuboard/vitis_files/pll_connect/zynqmp_fsbl/zynqmp_fsbl_bsp/Xilinx.spec
COLLECT_GCC=/home/kai/xilinx/2025.1/Vitis/gnu/armr5/lin/gcc-arm-none-eabi/bin/../x86_64-oesdk-linux/usr/bin/arm-xilinx-eabi/arm-xilinx-eabi-gcc.real
Target: arm-xilinx-eabi
Configured with: ../../../../../../work-shared/gcc-13.3.0-r0/gcc-13.3.0/configure --build=x86_64-linux --host=x86_64-oesdk-linux --target=arm-xilinx-eabi --prefix=/usr/local/oe-sdk-hardcoded-buildpath/sysroots/x86_64-oesdk-linux/usr --exec_prefix=/usr/local/oe-sdk-hardcoded-buildpath/sysroots/x86_64-oesdk-linux/usr --bindir=/usr/local/oe-sdk-hardcoded-buildpath/sysroots/x86_64-oesdk-linux/usr/bin/arm-xilinx-eabi --sbindir=/usr/local/oe-sdk-hardcoded-buildpath/sysroots/x86_64-oesdk-linux/usr/bin/arm-xilinx-eabi --libexecdir=/usr/local/oe-sdk-hardcoded-buildpath/sysroots/x86_64-oesdk-linux/usr/libexec/arm-xilinx-eabi --datadir=/usr/local/oe-sdk-hardcoded-buildpath/sysroots/x86_64-oesdk-linux/usr/share --sysconfdir=/usr/local/oe-sdk-hardcoded-buildpath/sysroots/x86_64-oesdk-linux/etc --sharedstatedir=/usr/local/oe-sdk-hardcoded-buildpath/sysroots/x86_64-oesdk-linux/com --localstatedir=/usr/local/oe-sdk-hardcoded-buildpath/sysroots/x86_64-oesdk-linux/var --libdir=/usr/local/oe-sdk-hardcoded-buildpath/sysroots/x86_64-oesdk-linux/usr/lib/arm-xilinx-eabi --includedir=/usr/local/oe-sdk-hardcoded-buildpath/sysroots/x86_64-oesdk-linux/usr/include --oldincludedir=/usr/local/oe-sdk-hardcoded-buildpath/sysroots/x86_64-oesdk-linux/usr/include --infodir=/usr/local/oe-sdk-hardcoded-buildpath/sysroots/x86_64-oesdk-linux/usr/share/info --mandir=/usr/local/oe-sdk-hardcoded-buildpath/sysroots/x86_64-oesdk-linux/usr/share/man --disable-silent-rules --disable-dependency-tracking --with-libtool-sysroot=/host --with-gnu-ld --enable-shared --enable-languages=c,c++,fortran --enable-threads=posix --enable-multilib --enable-c99 --enable-long-long --enable-libstdcxx-pch --program-prefix=arm-xilinx-eabi- --without-local-prefix --disable-install-libiberty --disable-libssp --enable-libitm --enable-lto --disable-bootstrap --with-system-zlib --enable-linker-build-id --with-ppl=no --with-cloog=no --enable-checking=release --enable-cheaders=c_global --without-isl --with-gxx-include-dir=/not/exist/usr/include/c++/13.3.0 --with-build-time-tools=/host-native/usr/arm-xilinx-eabi/bin --with-sysroot=/not/exist --with-build-sysroot=/host --with-plugin-ld=ld --enable-poison-system-directories --disable-static --enable-nls --with-glibc-version=2.28 --enable-initfini-array --with-multilib-list=rmprofile --enable-multilib --disable-libstdcxx-pch --with-newlib --disable-threads --enable-plugins --with-gnu-as --disable-libitm --disable-tm-clone-registry --disable-tls --disable-decimal-float --with-sysroot=/not/exist
Thread model: single
Supported LTO compression algorithms: zlib zstd
gcc version 13.3.0 (GCC) 
COLLECT_GCC_OPTIONS='-c' '-fno-openmp' '-fno-openacc' '-fno-pie' '-fcf-protection=none' '-mfloat-abi=hard' '-mfpu=vfpv3-d16'  '-Os' '--sysroot=/home/kai/xilinx/2025.1/Vitis/gnu/armr5/lin/gcc-arm-none-eabi/bin/../armrm-xilinx-eabi' '-mcpu=cortex-r5' '-mfloat-abi=hard' '-mfpu=vfpv3-d16' '-specs=/home/kai/projects/amd/zuboard/vitis_files/pll_connect/zynqmp_fsbl/zynqmp_fsbl_bsp/Xilinx.spec' '-Os' '-ffat-lto-objects' '-v' '-marm'     '-fltrans-output-list=/tmp/cc9xt9Hp.ltrans.out' '-fwpa' '-fresolution=/tmp/ccmm87Kj.res' '-flinker-output=exec' '-mlibarch=armv7-r+fp+idiv' '-march=armv7-r+fp+idiv'
 /home/kai/xilinx/2025.1/gnu/armr5/lin/gcc-arm-none-eabi/x86_64-oesdk-linux/usr/bin/arm-xilinx-eabi/../../lib/arm-xilinx-eabi/gcc/../../../libexec/arm-xilinx-eabi/gcc/arm-xilinx-eabi/13.3.0/lto1 -quiet -dumpbase ./cmTC_bd417.wpa -mfloat-abi=hard -mfpu=vfpv3-d16 -mcpu=cortex-r5 -mfloat-abi=hard -mfpu=vfpv3-d16 -marm -mlibarch=armv7-r+fp+idiv -march=armv7-r+fp+idiv -Os -Os -version -fno-openmp -fno-openacc -fno-pie -fcf-protection=none -ffat-lto-objects -fltrans-output-list=/tmp/cc9xt9Hp.ltrans.out -fwpa -fresolution=/tmp/ccmm87Kj.res -flinker-output=exec @/tmp/ccpldkCQ
GNU GIMPLE (GCC) version 13.3.0 (arm-xilinx-eabi)
	compiled by GNU C version 13.3.0, GMP version 6.3.0, MPFR version 4.2.1, MPC version 1.3.1, isl version none
GGC heuristics: --param ggc-min-expand=100 --param ggc-min-heapsize=131072
COMPILER_PATH=/home/kai/xilinx/2025.1/gnu/armr5/lin/gcc-arm-none-eabi/x86_64-oesdk-linux/usr/bin/arm-xilinx-eabi/../../lib/arm-xilinx-eabi/gcc/../../../libexec/arm-xilinx-eabi/gcc/arm-xilinx-eabi/13.3.0/:/home/kai/xilinx/2025.1/gnu/armr5/lin/gcc-arm-none-eabi/x86_64-oesdk-linux/usr/bin/arm-xilinx-eabi/../../lib/arm-xilinx-eabi/gcc/../../../libexec/arm-xilinx-eabi/gcc/:/home/kai/xilinx/2025.1/gnu/armr5/lin/gcc-arm-none-eabi/x86_64-oesdk-linux/usr/bin/arm-xilinx-eabi/../../libexec/arm-xilinx-eabi/gcc/arm-xilinx-eabi/13.3.0/:/home/kai/xilinx/2025.1/gnu/armr5/lin/gcc-arm-none-eabi/x86_64-oesdk-linux/usr/bin/arm-xilinx-eabi/../../libexec/arm-xilinx-eabi/gcc/arm-xilinx-eabi/13.3.0/:/home/kai/xilinx/2025.1/gnu/armr5/lin/gcc-arm-none-eabi/x86_64-oesdk-linux/usr/bin/arm-xilinx-eabi/../../libexec/arm-xilinx-eabi/gcc/
LIBRARY_PATH=/home/kai/xilinx/2025.1/Vitis/gnu/armr5/lin/gcc-arm-none-eabi/bin/../armrm-xilinx-eabi/usr/lib/thumb/v7+fp/hard/:/home/kai/xilinx/2025.1/gnu/armr5/lin/gcc-arm-none-eabi/x86_64-oesdk-linux/usr/bin/arm-xilinx-eabi/../../lib/arm-xilinx-eabi/gcc/arm-xilinx-eabi/13.3.0/:/home/kai/xilinx/2025.1/gnu/armr5/lin/gcc-arm-none-eabi/x86_64-oesdk-linux/usr/bin/arm-xilinx-eabi/../../lib/arm-xilinx-eabi/gcc/:/home/kai/xilinx/2025.1/Vitis/gnu/armr5/lin/gcc-arm-none-eabi/bin/../armrm-xilinx-eabi/usr/lib/arm-xilinx-eabi/13.3.0/:/home/kai/xilinx/2025.1/Vitis/gnu/armr5/lin/gcc-arm-none-eabi/bin/../armrm-xilinx-eabi/usr/lib/
COLLECT_GCC_OPTIONS='-c' '-fno-openmp' '-fno-openacc' '-fno-pie' '-fcf-protection=none' '-mfloat-abi=hard' '-mfpu=vfpv3-d16'  '-Os' '--sysroot=/home/kai/xilinx/2025.1/Vitis/gnu/armr5/lin/gcc-arm-none-eabi/bin/../armrm-xilinx-eabi' '-mcpu=cortex-r5' '-mfloat-abi=hard' '-mfpu=vfpv3-d16' '-specs=/home/kai/projects/amd/zuboard/vitis_files/pll_connect/zynqmp_fsbl/zynqmp_fsbl_bsp/Xilinx.spec' '-Os' '-ffat-lto-objects' '-v' '-marm'     '-fltrans-output-list=/tmp/cc9xt9Hp.ltrans.out' '-fwpa' '-fresolution=/tmp/ccmm87Kj.res' '-flinker-output=exec' '-mlibarch=armv7-r+fp+idiv' '-march=armv7-r+fp+idiv' '-dumpdir' './cmTC_bd417.wpa.'
/home/kai/xilinx/2025.1/Vitis/gnu/armr5/lin/gcc-arm-none-eabi/bin/../x86_64-oesdk-linux/usr/bin/arm-xilinx-eabi/arm-xilinx-eabi-gcc @/tmp/ccnaYGLl
Using built-in specs.
Reading specs from /home/kai/projects/amd/zuboard/vitis_files/pll_connect/zynqmp_fsbl/zynqmp_fsbl_bsp/Xilinx.spec
COLLECT_GCC=/home/kai/xilinx/2025.1/Vitis/gnu/armr5/lin/gcc-arm-none-eabi/bin/../x86_64-oesdk-linux/usr/bin/arm-xilinx-eabi/arm-xilinx-eabi-gcc.real
Target: arm-xilinx-eabi
Configured with: ../../../../../../work-shared/gcc-13.3.0-r0/gcc-13.3.0/configure --build=x86_64-linux --host=x86_64-oesdk-linux --target=arm-xilinx-eabi --prefix=/usr/local/oe-sdk-hardcoded-buildpath/sysroots/x86_64-oesdk-linux/usr --exec_prefix=/usr/local/oe-sdk-hardcoded-buildpath/sysroots/x86_64-oesdk-linux/usr --bindir=/usr/local/oe-sdk-hardcoded-buildpath/sysroots/x86_64-oesdk-linux/usr/bin/arm-xilinx-eabi --sbindir=/usr/local/oe-sdk-hardcoded-buildpath/sysroots/x86_64-oesdk-linux/usr/bin/arm-xilinx-eabi --libexecdir=/usr/local/oe-sdk-hardcoded-buildpath/sysroots/x86_64-oesdk-linux/usr/libexec/arm-xilinx-eabi --datadir=/usr/local/oe-sdk-hardcoded-buildpath/sysroots/x86_64-oesdk-linux/usr/share --sysconfdir=/usr/local/oe-sdk-hardcoded-buildpath/sysroots/x86_64-oesdk-linux/etc --sharedstatedir=/usr/local/oe-sdk-hardcoded-buildpath/sysroots/x86_64-oesdk-linux/com --localstatedir=/usr/local/oe-sdk-hardcoded-buildpath/sysroots/x86_64-oesdk-linux/var --libdir=/usr/local/oe-sdk-hardcoded-buildpath/sysroots/x86_64-oesdk-linux/usr/lib/arm-xilinx-eabi --includedir=/usr/local/oe-sdk-hardcoded-buildpath/sysroots/x86_64-oesdk-linux/usr/include --oldincludedir=/usr/local/oe-sdk-hardcoded-buildpath/sysroots/x86_64-oesdk-linux/usr/include --infodir=/usr/local/oe-sdk-hardcoded-buildpath/sysroots/x86_64-oesdk-linux/usr/share/info --mandir=/usr/local/oe-sdk-hardcoded-buildpath/sysroots/x86_64-oesdk-linux/usr/share/man --disable-silent-rules --disable-dependency-tracking --with-libtool-sysroot=/host --with-gnu-ld --enable-shared --enable-languages=c,c++,fortran --enable-threads=posix --enable-multilib --enable-c99 --enable-long-long --enable-libstdcxx-pch --program-prefix=arm-xilinx-eabi- --without-local-prefix --disable-install-libiberty --disable-libssp --enable-libitm --enable-lto --disable-bootstrap --with-system-zlib --enable-linker-build-id --with-ppl=no --with-cloog=no --enable-checking=release --enable-cheaders=c_global --without-isl --with-gxx-include-dir=/not/exist/usr/include/c++/13.3.0 --with-build-time-tools=/host-native/usr/arm-xilinx-eabi/bin --with-sysroot=/not/exist --with-build-sysroot=/host --with-plugin-ld=ld --enable-poison-system-directories --disable-static --enable-nls --with-glibc-version=2.28 --enable-initfini-array --with-multilib-list=rmprofile --enable-multilib --disable-libstdcxx-pch --with-newlib --disable-threads --enable-plugins --with-gnu-as --disable-libitm --disable-tm-clone-registry --disable-tls --disable-decimal-float --with-sysroot=/not/exist
Thread model: single
Supported LTO compression algorithms: zlib zstd
gcc version 13.3.0 (GCC) 
COLLECT_GCC_OPTIONS='-c' '-fno-openmp' '-fno-openacc' '-fno-pie' '-fcf-protection=none' '-mfloat-abi=hard' '-mfpu=vfpv3-d16'  '-Os' '--sysroot=/home/kai/xilinx/2025.1/Vitis/gnu/armr5/lin/gcc-arm-none-eabi/bin/../armrm-xilinx-eabi' '-mcpu=cortex-r5' '-mfloat-abi=hard' '-mfpu=vfpv3-d16' '-specs=/home/kai/projects/amd/zuboard/vitis_files/pll_connect/zynqmp_fsbl/zynqmp_fsbl_bsp/Xilinx.spec' '-Os' '-ffat-lto-objects' '-v' '-marm'     '-fltrans' '-o' '/tmp/cc9xt9Hp.ltrans0.ltrans.o' '-mlibarch=armv7-r+fp+idiv' '-march=armv7-r+fp+idiv'
 /home/kai/xilinx/2025.1/gnu/armr5/lin/gcc-arm-none-eabi/x86_64-oesdk-linux/usr/bin/arm-xilinx-eabi/../../lib/arm-xilinx-eabi/gcc/../../../libexec/arm-xilinx-eabi/gcc/arm-xilinx-eabi/13.3.0/lto1 -quiet -dumpbase ./cmTC_bd417.ltrans0.ltrans -mfloat-abi=hard -mfpu=vfpv3-d16 -mcpu=cortex-r5 -mfloat-abi=hard -mfpu=vfpv3-d16 -marm -mlibarch=armv7-r+fp+idiv -march=armv7-r+fp+idiv -Os -Os -version -fno-openmp -fno-openacc -fno-pie -fcf-protection=none -ffat-lto-objects -fltrans @/tmp/cckSqR6a -o /tmp/ccPZZutN.s
GNU GIMPLE (GCC) version 13.3.0 (arm-xilinx-eabi)
	compiled by GNU C version 13.3.0, GMP version 6.3.0, MPFR version 4.2.1, MPC version 1.3.1, isl version none
GGC heuristics: --param ggc-min-expand=100 --param ggc-min-heapsize=131072
COLLECT_GCC_OPTIONS='-c' '-fno-openmp' '-fno-openacc' '-fno-pie' '-fcf-protection=none' '-mfloat-abi=hard' '-mfpu=vfpv3-d16'  '-Os' '--sysroot=/home/kai/xilinx/2025.1/Vitis/gnu/armr5/lin/gcc-arm-none-eabi/bin/../armrm-xilinx-eabi' '-mcpu=cortex-r5' '-mfloat-abi=hard' '-mfpu=vfpv3-d16' '-specs=/home/kai/projects/amd/zuboard/vitis_files/pll_connect/zynqmp_fsbl/zynqmp_fsbl_bsp/Xilinx.spec' '-Os' '-ffat-lto-objects' '-v' '-marm'     '-fltrans' '-o' '/tmp/cc9xt9Hp.ltrans0.ltrans.o' '-mlibarch=armv7-r+fp+idiv' '-march=armv7-r+fp+idiv'
 /home/kai/xilinx/2025.1/gnu/armr5/lin/gcc-arm-none-eabi/x86_64-oesdk-linux/usr/bin/arm-xilinx-eabi/../../lib/arm-xilinx-eabi/gcc/../../../libexec/arm-xilinx-eabi/gcc/arm-xilinx-eabi/13.3.0/as -v -march=armv7-r+fp+idiv -mfloat-abi=hard -mfloat-abi=hard -mfpu=vfpv3-d16 -mfpu=vfpv3-d16 -meabi=5 -o /tmp/cc9xt9Hp.ltrans0.ltrans.o /tmp/ccPZZutN.s
GNU assembler version 2.42.0 (arm-xilinx-eabi) using BFD version (GNU Binutils) 2.42.0.20240723
COMPILER_PATH=/home/kai/xilinx/2025.1/gnu/armr5/lin/gcc-arm-none-eabi/x86_64-oesdk-linux/usr/bin/arm-xilinx-eabi/../../lib/arm-xilinx-eabi/gcc/../../../libexec/arm-xilinx-eabi/gcc/arm-xilinx-eabi/13.3.0/:/home/kai/xilinx/2025.1/gnu/armr5/lin/gcc-arm-none-eabi/x86_64-oesdk-linux/usr/bin/arm-xilinx-eabi/../../lib/arm-xilinx-eabi/gcc/../../../libexec/arm-xilinx-eabi/gcc/:/home/kai/xilinx/2025.1/gnu/armr5/lin/gcc-arm-none-eabi/x86_64-oesdk-linux/usr/bin/arm-xilinx-eabi/../../libexec/arm-xilinx-eabi/gcc/arm-xilinx-eabi/13.3.0/:/home/kai/xilinx/2025.1/gnu/armr5/lin/gcc-arm-none-eabi/x86_64-oesdk-linux/usr/bin/arm-xilinx-eabi/../../libexec/arm-xilinx-eabi/gcc/arm-xilinx-eabi/13.3.0/:/home/kai/xilinx/2025.1/gnu/armr5/lin/gcc-arm-none-eabi/x86_64-oesdk-linux/usr/bin/arm-xilinx-eabi/../../libexec/arm-xilinx-eabi/gcc/
LIBRARY_PATH=/home/kai/xilinx/2025.1/Vitis/gnu/armr5/lin/gcc-arm-none-eabi/bin/../armrm-xilinx-eabi/usr/lib/thumb/v7+fp/hard/:/home/kai/xilinx/2025.1/gnu/armr5/lin/gcc-arm-none-eabi/x86_64-oesdk-linux/usr/bin/arm-xilinx-eabi/../../lib/arm-xilinx-eabi/gcc/arm-xilinx-eabi/13.3.0/:/home/kai/xilinx/2025.1/gnu/armr5/lin/gcc-arm-none-eabi/x86_64-oesdk-linux/usr/bin/arm-xilinx-eabi/../../lib/arm-xilinx-eabi/gcc/:/home/kai/xilinx/2025.1/Vitis/gnu/armr5/lin/gcc-arm-none-eabi/bin/../armrm-xilinx-eabi/usr/lib/arm-xilinx-eabi/13.3.0/:/home/kai/xilinx/2025.1/Vitis/gnu/armr5/lin/gcc-arm-none-eabi/bin/../armrm-xilinx-eabi/usr/lib/
COLLECT_GCC_OPTIONS='-c' '-fno-openmp' '-fno-openacc' '-fno-pie' '-fcf-protection=none' '-mfloat-abi=hard' '-mfpu=vfpv3-d16'  '-Os' '--sysroot=/home/kai/xilinx/2025.1/Vitis/gnu/armr5/lin/gcc-arm-none-eabi/bin/../armrm-xilinx-eabi' '-mcpu=cortex-r5' '-mfloat-abi=hard' '-mfpu=vfpv3-d16' '-specs=/home/kai/projects/amd/zuboard/vitis_files/pll_connect/zynqmp_fsbl/zynqmp_fsbl_bsp/Xilinx.spec' '-Os' '-ffat-lto-objects' '-v' '-marm'     '-fltrans' '-o' '/tmp/cc9xt9Hp.ltrans0.ltrans.o' '-mlibarch=armv7-r+fp+idiv' '-march=armv7-r+fp+idiv' '-dumpdir' './cmTC_bd417.ltrans0.ltrans.'
/home/kai/xilinx/2025.1/gnu/armr5/lin/gcc-arm-none-eabi/x86_64-oesdk-linux/usr/bin/arm-xilinx-eabi/arm-xilinx-eabi-ld.real: warning: cannot find entry symbol _start; defaulting to 00008030
COLLECT_GCC_OPTIONS='--sysroot=/home/kai/xilinx/2025.1/Vitis/gnu/armr5/lin/gcc-arm-none-eabi/bin/../armrm-xilinx-eabi' '-D' 'SDT' '-mcpu=cortex-r5' '-mfloat-abi=hard' '-mfpu=vfpv3-d16' '-D' 'ARMR5' '-MMD' '-MP' '-specs=/home/kai/projects/amd/zuboard/vitis_files/pll_connect/zynqmp_fsbl/zynqmp_fsbl_bsp/Xilinx.spec' '-Os' '-flto' '-ffat-lto-objects' '-D' 'ARMR5' '-I' '/home/kai/projects/amd/zuboard/vitis_files/pll_connect/zynqmp_fsbl/zynqmp_fsbl_bsp/include' '-v' '-o' 'cmTC_bd417' '-marm' '-mlibarch=armv7-r+fp+idiv' '-march=armv7-r+fp+idiv' '-dumpdir' 'cmTC_bd417.'



Parsed C implicit include dir info from above output: rv=done
  found start of include info
  found start of implicit include info
    add: [/home/kai/projects/amd/zuboard/vitis_files/pll_connect/zynqmp_fsbl/zynqmp_fsbl_bsp/include]
    add: [/home/kai/xilinx/2025.1/gnu/armr5/lin/gcc-arm-none-eabi/x86_64-oesdk-linux/usr/bin/arm-xilinx-eabi/../../lib/arm-xilinx-eabi/gcc/arm-xilinx-eabi/13.3.0/include]
    add: [/home/kai/xilinx/2025.1/gnu/armr5/lin/gcc-arm-none-eabi/x86_64-oesdk-linux/usr/bin/arm-xilinx-eabi/../../lib/arm-xilinx-eabi/gcc/arm-xilinx-eabi/13.3.0/include-fixed]
    add: [/home/kai/xilinx/2025.1/Vitis/gnu/armr5/lin/gcc-arm-none-eabi/bin/../armrm-xilinx-eabi/usr/include/]
  end of search list found
  collapse include dir [/home/kai/projects/amd/zuboard/vitis_files/pll_connect/zynqmp_fsbl/zynqmp_fsbl_bsp/include] ==> [/home/kai/projects/amd/zuboard/vitis_files/pll_connect/zynqmp_fsbl/zynqmp_fsbl_bsp/include]
  collapse include dir [/home/kai/xilinx/2025.1/gnu/armr5/lin/gcc-arm-none-eabi/x86_64-oesdk-linux/usr/bin/arm-xilinx-eabi/../../lib/arm-xilinx-eabi/gcc/arm-xilinx-eabi/13.3.0/include] ==> [/home/kai/xilinx/2025.1/gnu/armr5/lin/gcc-arm-none-eabi/x86_64-oesdk-linux/usr/lib/arm-xilinx-eabi/gcc/arm-xilinx-eabi/13.3.0/include]
  collapse include dir [/home/kai/xilinx/2025.1/gnu/armr5/lin/gcc-arm-none-eabi/x86_64-oesdk-linux/usr/bin/arm-xilinx-eabi/../../lib/arm-xilinx-eabi/gcc/arm-xilinx-eabi/13.3.0/include-fixed] ==> [/home/kai/xilinx/2025.1/gnu/armr5/lin/gcc-arm-none-eabi/x86_64-oesdk-linux/usr/lib/arm-xilinx-eabi/gcc/arm-xilinx-eabi/13.3.0/include-fixed]
  collapse include dir [/home/kai/xilinx/2025.1/Vitis/gnu/armr5/lin/gcc-arm-none-eabi/bin/../armrm-xilinx-eabi/usr/include/] ==> [/home/kai/xilinx/2025.1/Vitis/gnu/armr5/lin/gcc-arm-none-eabi/armrm-xilinx-eabi/usr/include]
  implicit include dirs: [/home/kai/projects/amd/zuboard/vitis_files/pll_connect/zynqmp_fsbl/zynqmp_fsbl_bsp/include;/home/kai/xilinx/2025.1/gnu/armr5/lin/gcc-arm-none-eabi/x86_64-oesdk-linux/usr/lib/arm-xilinx-eabi/gcc/arm-xilinx-eabi/13.3.0/include;/home/kai/xilinx/2025.1/gnu/armr5/lin/gcc-arm-none-eabi/x86_64-oesdk-linux/usr/lib/arm-xilinx-eabi/gcc/arm-xilinx-eabi/13.3.0/include-fixed;/home/kai/xilinx/2025.1/Vitis/gnu/armr5/lin/gcc-arm-none-eabi/armrm-xilinx-eabi/usr/include]


Parsed C implicit link information from above output:
  link line regex: [^( *|.*[/\])(armr5-none-eabi-ld|CMAKE_LINK_STARTFILE-NOTFOUND|([^/\]+-)?ld|collect2)[^/\]*( |$)]
  ignore line: [Change Dir: /home/kai/projects/amd/zuboard/vitis_files/pll_connect/zynqmp_fsbl/zynqmp_fsbl_bsp/libsrc/build_configs/gen_bsp/CMakeFiles/CMakeTmp]
  ignore line: []
  ignore line: [Run Build Command(s):/home/kai/xilinx/2025.1/Vitis/bin/ninja cmTC_bd417 && [1/2] Building C object CMakeFiles/cmTC_bd417.dir/CMakeCCompilerABI.c.obj]
  ignore line: [Using built-in specs.]
  ignore line: [Reading specs from /home/kai/projects/amd/zuboard/vitis_files/pll_connect/zynqmp_fsbl/zynqmp_fsbl_bsp/Xilinx.spec]
  ignore line: [COLLECT_GCC=/home/kai/xilinx/2025.1/Vitis/gnu/armr5/lin/gcc-arm-none-eabi/bin/../x86_64-oesdk-linux/usr/bin/arm-xilinx-eabi/arm-xilinx-eabi-gcc.real]
  ignore line: [Target: arm-xilinx-eabi]
  ignore line: [Configured with: ../../../../../../work-shared/gcc-13.3.0-r0/gcc-13.3.0/configure --build=x86_64-linux --host=x86_64-oesdk-linux --target=arm-xilinx-eabi --prefix=/usr/local/oe-sdk-hardcoded-buildpath/sysroots/x86_64-oesdk-linux/usr --exec_prefix=/usr/local/oe-sdk-hardcoded-buildpath/sysroots/x86_64-oesdk-linux/usr --bindir=/usr/local/oe-sdk-hardcoded-buildpath/sysroots/x86_64-oesdk-linux/usr/bin/arm-xilinx-eabi --sbindir=/usr/local/oe-sdk-hardcoded-buildpath/sysroots/x86_64-oesdk-linux/usr/bin/arm-xilinx-eabi --libexecdir=/usr/local/oe-sdk-hardcoded-buildpath/sysroots/x86_64-oesdk-linux/usr/libexec/arm-xilinx-eabi --datadir=/usr/local/oe-sdk-hardcoded-buildpath/sysroots/x86_64-oesdk-linux/usr/share --sysconfdir=/usr/local/oe-sdk-hardcoded-buildpath/sysroots/x86_64-oesdk-linux/etc --sharedstatedir=/usr/local/oe-sdk-hardcoded-buildpath/sysroots/x86_64-oesdk-linux/com --localstatedir=/usr/local/oe-sdk-hardcoded-buildpath/sysroots/x86_64-oesdk-linux/var --libdir=/usr/local/oe-sdk-hardcoded-buildpath/sysroots/x86_64-oesdk-linux/usr/lib/arm-xilinx-eabi --includedir=/usr/local/oe-sdk-hardcoded-buildpath/sysroots/x86_64-oesdk-linux/usr/include --oldincludedir=/usr/local/oe-sdk-hardcoded-buildpath/sysroots/x86_64-oesdk-linux/usr/include --infodir=/usr/local/oe-sdk-hardcoded-buildpath/sysroots/x86_64-oesdk-linux/usr/share/info --mandir=/usr/local/oe-sdk-hardcoded-buildpath/sysroots/x86_64-oesdk-linux/usr/share/man --disable-silent-rules --disable-dependency-tracking --with-libtool-sysroot=/host --with-gnu-ld --enable-shared --enable-languages=c,c++,fortran --enable-threads=posix --enable-multilib --enable-c99 --enable-long-long --enable-libstdcxx-pch --program-prefix=arm-xilinx-eabi- --without-local-prefix --disable-install-libiberty --disable-libssp --enable-libitm --enable-lto --disable-bootstrap --with-system-zlib --enable-linker-build-id --with-ppl=no --with-cloog=no --enable-checking=release --enable-cheaders=c_global --without-isl --with-gxx-include-dir=/not/exist/usr/include/c++/13.3.0 --with-build-time-tools=/host-native/usr/arm-xilinx-eabi/bin --with-sysroot=/not/exist --with-build-sysroot=/host --with-plugin-ld=ld --enable-poison-system-directories --disable-static --enable-nls --with-glibc-version=2.28 --enable-initfini-array --with-multilib-list=rmprofile --enable-multilib --disable-libstdcxx-pch --with-newlib --disable-threads --enable-plugins --with-gnu-as --disable-libitm --disable-tm-clone-registry --disable-tls --disable-decimal-float --with-sysroot=/not/exist]
  ignore line: [Thread model: single]
  ignore line: [Supported LTO compression algorithms: zlib zstd]
  ignore line: [gcc version 13.3.0 (GCC) ]
  ignore line: [COLLECT_GCC_OPTIONS='--sysroot=/home/kai/xilinx/2025.1/Vitis/gnu/armr5/lin/gcc-arm-none-eabi/bin/../armrm-xilinx-eabi' '-D' 'SDT' '-mcpu=cortex-r5' '-mfloat-abi=hard' '-mfpu=vfpv3-d16' '-D' 'ARMR5' '-MMD' '-MP' '-specs=/home/kai/projects/amd/zuboard/vitis_files/pll_connect/zynqmp_fsbl/zynqmp_fsbl_bsp/Xilinx.spec' '-Os' '-flto' '-ffat-lto-objects' '-D' 'ARMR5' '-I' '/home/kai/projects/amd/zuboard/vitis_files/pll_connect/zynqmp_fsbl/zynqmp_fsbl_bsp/include' '-v' '-o' 'CMakeFiles/cmTC_bd417.dir/CMakeCCompilerABI.c.obj' '-c' '-marm' '-mlibarch=armv7-r+fp+idiv' '-march=armv7-r+fp+idiv' '-dumpdir' 'CMakeFiles/cmTC_bd417.dir/']
  ignore line: [ /home/kai/xilinx/2025.1/gnu/armr5/lin/gcc-arm-none-eabi/x86_64-oesdk-linux/usr/bin/arm-xilinx-eabi/../../libexec/arm-xilinx-eabi/gcc/arm-xilinx-eabi/13.3.0/cc1 -quiet -v -I /home/kai/projects/amd/zuboard/vitis_files/pll_connect/zynqmp_fsbl/zynqmp_fsbl_bsp/include -imultilib thumb/v7+fp/hard -iprefix /home/kai/xilinx/2025.1/gnu/armr5/lin/gcc-arm-none-eabi/x86_64-oesdk-linux/usr/bin/arm-xilinx-eabi/../../lib/arm-xilinx-eabi/gcc/arm-xilinx-eabi/13.3.0/ -isysroot /home/kai/xilinx/2025.1/Vitis/gnu/armr5/lin/gcc-arm-none-eabi/bin/../armrm-xilinx-eabi -MMD CMakeFiles/cmTC_bd417.dir/CMakeCCompilerABI.c.d -MP -MQ CMakeFiles/cmTC_bd417.dir/CMakeCCompilerABI.c.obj -D__USES_INITFINI__ -D SDT -D ARMR5 -D ARMR5 /home/kai/xilinx/2025.1/tps/lnx64/cmake-3.24.2/share/cmake-3.24/Modules/CMakeCCompilerABI.c -quiet -dumpdir CMakeFiles/cmTC_bd417.dir/ -dumpbase CMakeCCompilerABI.c.c -dumpbase-ext .c -mcpu=cortex-r5 -mfloat-abi=hard -mfpu=vfpv3-d16 -marm -mlibarch=armv7-r+fp+idiv -march=armv7-r+fp+idiv -Os -version -flto -ffat-lto-objects -o /tmp/ccjWX9wf.s]
  ignore line: [GNU C17 (GCC) version 13.3.0 (arm-xilinx-eabi)]
  ignore line: [	compiled by GNU C version 13.3.0  GMP version 6.3.0  MPFR version 4.2.1  MPC version 1.3.1  isl version none]
  ignore line: [GGC heuristics: --param ggc-min-expand=100 --param ggc-min-heapsize=131072]
  ignore line: [ignoring nonexistent directory "/home/kai/xilinx/2025.1/gnu/armr5/lin/gcc-arm-none-eabi/x86_64-oesdk-linux/usr/bin/arm-xilinx-eabi/../../lib/arm-xilinx-eabi/gcc/arm-xilinx-eabi/13.3.0/../../../../../arm-xilinx-eabi/include"]
  ignore line: [ignoring duplicate directory "/home/kai/xilinx/2025.1/gnu/armr5/lin/gcc-arm-none-eabi/x86_64-oesdk-linux/usr/bin/arm-xilinx-eabi/../../lib/arm-xilinx-eabi/gcc/../../../lib/arm-xilinx-eabi/gcc/arm-xilinx-eabi/13.3.0/include"]
  ignore line: [ignoring nonexistent directory "/home/kai/xilinx/2025.1/Vitis/gnu/armr5/lin/gcc-arm-none-eabi/bin/../armrm-xilinx-eabi/usr/lib/arm-xilinx-eabi/13.3.0/include"]
  ignore line: [ignoring nonexistent directory "/home/kai/xilinx/2025.1/Vitis/gnu/armr5/lin/gcc-arm-none-eabi/bin/../armrm-xilinx-eabi/usr/local/include"]
  ignore line: [ignoring duplicate directory "/home/kai/xilinx/2025.1/gnu/armr5/lin/gcc-arm-none-eabi/x86_64-oesdk-linux/usr/bin/arm-xilinx-eabi/../../lib/arm-xilinx-eabi/gcc/../../../lib/arm-xilinx-eabi/gcc/arm-xilinx-eabi/13.3.0/include-fixed"]
  ignore line: [ignoring nonexistent directory "/home/kai/xilinx/2025.1/gnu/armr5/lin/gcc-arm-none-eabi/x86_64-oesdk-linux/usr/bin/arm-xilinx-eabi/../../lib/arm-xilinx-eabi/gcc/../../../lib/arm-xilinx-eabi/gcc/arm-xilinx-eabi/13.3.0/../../../../../arm-xilinx-eabi/include"]
  ignore line: [#include "..." search starts here:]
  ignore line: [#include <...> search starts here:]
  ignore line: [ /home/kai/projects/amd/zuboard/vitis_files/pll_connect/zynqmp_fsbl/zynqmp_fsbl_bsp/include]
  ignore line: [ /home/kai/xilinx/2025.1/gnu/armr5/lin/gcc-arm-none-eabi/x86_64-oesdk-linux/usr/bin/arm-xilinx-eabi/../../lib/arm-xilinx-eabi/gcc/arm-xilinx-eabi/13.3.0/include]
  ignore line: [ /home/kai/xilinx/2025.1/gnu/armr5/lin/gcc-arm-none-eabi/x86_64-oesdk-linux/usr/bin/arm-xilinx-eabi/../../lib/arm-xilinx-eabi/gcc/arm-xilinx-eabi/13.3.0/include-fixed]
  ignore line: [ /home/kai/xilinx/2025.1/Vitis/gnu/armr5/lin/gcc-arm-none-eabi/bin/../armrm-xilinx-eabi/usr/include/]
  ignore line: [End of search list.]
  ignore line: [Compiler executable checksum: e8754903266a6e178dd5a2900f8d5022]
  ignore line: [COLLECT_GCC_OPTIONS='--sysroot=/home/kai/xilinx/2025.1/Vitis/gnu/armr5/lin/gcc-arm-none-eabi/bin/../armrm-xilinx-eabi' '-D' 'SDT' '-mcpu=cortex-r5' '-mfloat-abi=hard' '-mfpu=vfpv3-d16' '-D' 'ARMR5' '-MMD' '-MP' '-specs=/home/kai/projects/amd/zuboard/vitis_files/pll_connect/zynqmp_fsbl/zynqmp_fsbl_bsp/Xilinx.spec' '-Os' '-flto' '-ffat-lto-objects' '-D' 'ARMR5' '-I' '/home/kai/projects/amd/zuboard/vitis_files/pll_connect/zynqmp_fsbl/zynqmp_fsbl_bsp/include' '-v' '-o' 'CMakeFiles/cmTC_bd417.dir/CMakeCCompilerABI.c.obj' '-c' '-marm' '-mlibarch=armv7-r+fp+idiv' '-march=armv7-r+fp+idiv' '-dumpdir' 'CMakeFiles/cmTC_bd417.dir/']
  ignore line: [ /home/kai/xilinx/2025.1/gnu/armr5/lin/gcc-arm-none-eabi/x86_64-oesdk-linux/usr/bin/arm-xilinx-eabi/../../libexec/arm-xilinx-eabi/gcc/arm-xilinx-eabi/13.3.0/as -v -I /home/kai/projects/amd/zuboard/vitis_files/pll_connect/zynqmp_fsbl/zynqmp_fsbl_bsp/include -march=armv7-r+fp+idiv -mfloat-abi=hard -mfpu=vfpv3-d16 -meabi=5 -o CMakeFiles/cmTC_bd417.dir/CMakeCCompilerABI.c.obj /tmp/ccjWX9wf.s]
  ignore line: [GNU assembler version 2.42.0 (arm-xilinx-eabi) using BFD version (GNU Binutils) 2.42.0.20240723]
  ignore line: [COMPILER_PATH=/home/kai/xilinx/2025.1/gnu/armr5/lin/gcc-arm-none-eabi/x86_64-oesdk-linux/usr/bin/arm-xilinx-eabi/../../libexec/arm-xilinx-eabi/gcc/arm-xilinx-eabi/13.3.0/:/home/kai/xilinx/2025.1/gnu/armr5/lin/gcc-arm-none-eabi/x86_64-oesdk-linux/usr/bin/arm-xilinx-eabi/../../libexec/arm-xilinx-eabi/gcc/]
  ignore line: [LIBRARY_PATH=/home/kai/xilinx/2025.1/Vitis/gnu/armr5/lin/gcc-arm-none-eabi/bin/../armrm-xilinx-eabi/usr/lib/thumb/v7+fp/hard/:/home/kai/xilinx/2025.1/gnu/armr5/lin/gcc-arm-none-eabi/x86_64-oesdk-linux/usr/bin/arm-xilinx-eabi/../../lib/arm-xilinx-eabi/gcc/arm-xilinx-eabi/13.3.0/:/home/kai/xilinx/2025.1/gnu/armr5/lin/gcc-arm-none-eabi/x86_64-oesdk-linux/usr/bin/arm-xilinx-eabi/../../lib/arm-xilinx-eabi/gcc/:/home/kai/xilinx/2025.1/Vitis/gnu/armr5/lin/gcc-arm-none-eabi/bin/../armrm-xilinx-eabi/usr/lib/arm-xilinx-eabi/13.3.0/:/home/kai/xilinx/2025.1/Vitis/gnu/armr5/lin/gcc-arm-none-eabi/bin/../armrm-xilinx-eabi/usr/lib/]
  ignore line: [COLLECT_GCC_OPTIONS='--sysroot=/home/kai/xilinx/2025.1/Vitis/gnu/armr5/lin/gcc-arm-none-eabi/bin/../armrm-xilinx-eabi' '-D' 'SDT' '-mcpu=cortex-r5' '-mfloat-abi=hard' '-mfpu=vfpv3-d16' '-D' 'ARMR5' '-MMD' '-MP' '-specs=/home/kai/projects/amd/zuboard/vitis_files/pll_connect/zynqmp_fsbl/zynqmp_fsbl_bsp/Xilinx.spec' '-Os' '-flto' '-ffat-lto-objects' '-D' 'ARMR5' '-I' '/home/kai/projects/amd/zuboard/vitis_files/pll_connect/zynqmp_fsbl/zynqmp_fsbl_bsp/include' '-v' '-o' 'CMakeFiles/cmTC_bd417.dir/CMakeCCompilerABI.c.obj' '-c' '-marm' '-mlibarch=armv7-r+fp+idiv' '-march=armv7-r+fp+idiv' '-dumpdir' 'CMakeFiles/cmTC_bd417.dir/CMakeCCompilerABI.c.']
  ignore line: [[2/2] Linking C executable cmTC_bd417]
  ignore line: [Using built-in specs.]
  ignore line: [Reading specs from /home/kai/projects/amd/zuboard/vitis_files/pll_connect/zynqmp_fsbl/zynqmp_fsbl_bsp/Xilinx.spec]
  ignore line: [COLLECT_GCC=/home/kai/xilinx/2025.1/Vitis/gnu/armr5/lin/gcc-arm-none-eabi/bin/../x86_64-oesdk-linux/usr/bin/arm-xilinx-eabi/arm-xilinx-eabi-gcc.real]
  ignore line: [COLLECT_LTO_WRAPPER=/home/kai/xilinx/2025.1/gnu/armr5/lin/gcc-arm-none-eabi/x86_64-oesdk-linux/usr/bin/arm-xilinx-eabi/../../libexec/arm-xilinx-eabi/gcc/arm-xilinx-eabi/13.3.0/lto-wrapper]
  ignore line: [Target: arm-xilinx-eabi]
  ignore line: [Configured with: ../../../../../../work-shared/gcc-13.3.0-r0/gcc-13.3.0/configure --build=x86_64-linux --host=x86_64-oesdk-linux --target=arm-xilinx-eabi --prefix=/usr/local/oe-sdk-hardcoded-buildpath/sysroots/x86_64-oesdk-linux/usr --exec_prefix=/usr/local/oe-sdk-hardcoded-buildpath/sysroots/x86_64-oesdk-linux/usr --bindir=/usr/local/oe-sdk-hardcoded-buildpath/sysroots/x86_64-oesdk-linux/usr/bin/arm-xilinx-eabi --sbindir=/usr/local/oe-sdk-hardcoded-buildpath/sysroots/x86_64-oesdk-linux/usr/bin/arm-xilinx-eabi --libexecdir=/usr/local/oe-sdk-hardcoded-buildpath/sysroots/x86_64-oesdk-linux/usr/libexec/arm-xilinx-eabi --datadir=/usr/local/oe-sdk-hardcoded-buildpath/sysroots/x86_64-oesdk-linux/usr/share --sysconfdir=/usr/local/oe-sdk-hardcoded-buildpath/sysroots/x86_64-oesdk-linux/etc --sharedstatedir=/usr/local/oe-sdk-hardcoded-buildpath/sysroots/x86_64-oesdk-linux/com --localstatedir=/usr/local/oe-sdk-hardcoded-buildpath/sysroots/x86_64-oesdk-linux/var --libdir=/usr/local/oe-sdk-hardcoded-buildpath/sysroots/x86_64-oesdk-linux/usr/lib/arm-xilinx-eabi --includedir=/usr/local/oe-sdk-hardcoded-buildpath/sysroots/x86_64-oesdk-linux/usr/include --oldincludedir=/usr/local/oe-sdk-hardcoded-buildpath/sysroots/x86_64-oesdk-linux/usr/include --infodir=/usr/local/oe-sdk-hardcoded-buildpath/sysroots/x86_64-oesdk-linux/usr/share/info --mandir=/usr/local/oe-sdk-hardcoded-buildpath/sysroots/x86_64-oesdk-linux/usr/share/man --disable-silent-rules --disable-dependency-tracking --with-libtool-sysroot=/host --with-gnu-ld --enable-shared --enable-languages=c,c++,fortran --enable-threads=posix --enable-multilib --enable-c99 --enable-long-long --enable-libstdcxx-pch --program-prefix=arm-xilinx-eabi- --without-local-prefix --disable-install-libiberty --disable-libssp --enable-libitm --enable-lto --disable-bootstrap --with-system-zlib --enable-linker-build-id --with-ppl=no --with-cloog=no --enable-checking=release --enable-cheaders=c_global --without-isl --with-gxx-include-dir=/not/exist/usr/include/c++/13.3.0 --with-build-time-tools=/host-native/usr/arm-xilinx-eabi/bin --with-sysroot=/not/exist --with-build-sysroot=/host --with-plugin-ld=ld --enable-poison-system-directories --disable-static --enable-nls --with-glibc-version=2.28 --enable-initfini-array --with-multilib-list=rmprofile --enable-multilib --disable-libstdcxx-pch --with-newlib --disable-threads --enable-plugins --with-gnu-as --disable-libitm --disable-tm-clone-registry --disable-tls --disable-decimal-float --with-sysroot=/not/exist]
  ignore line: [Thread model: single]
  ignore line: [Supported LTO compression algorithms: zlib zstd]
  ignore line: [gcc version 13.3.0 (GCC) ]
  ignore line: [COMPILER_PATH=/home/kai/xilinx/2025.1/gnu/armr5/lin/gcc-arm-none-eabi/x86_64-oesdk-linux/usr/bin/arm-xilinx-eabi/../../libexec/arm-xilinx-eabi/gcc/arm-xilinx-eabi/13.3.0/:/home/kai/xilinx/2025.1/gnu/armr5/lin/gcc-arm-none-eabi/x86_64-oesdk-linux/usr/bin/arm-xilinx-eabi/../../libexec/arm-xilinx-eabi/gcc/]
  ignore line: [LIBRARY_PATH=/home/kai/xilinx/2025.1/Vitis/gnu/armr5/lin/gcc-arm-none-eabi/bin/../armrm-xilinx-eabi/usr/lib/thumb/v7+fp/hard/:/home/kai/xilinx/2025.1/gnu/armr5/lin/gcc-arm-none-eabi/x86_64-oesdk-linux/usr/bin/arm-xilinx-eabi/../../lib/arm-xilinx-eabi/gcc/arm-xilinx-eabi/13.3.0/:/home/kai/xilinx/2025.1/gnu/armr5/lin/gcc-arm-none-eabi/x86_64-oesdk-linux/usr/bin/arm-xilinx-eabi/../../lib/arm-xilinx-eabi/gcc/:/home/kai/xilinx/2025.1/Vitis/gnu/armr5/lin/gcc-arm-none-eabi/bin/../armrm-xilinx-eabi/usr/lib/arm-xilinx-eabi/13.3.0/:/home/kai/xilinx/2025.1/Vitis/gnu/armr5/lin/gcc-arm-none-eabi/bin/../armrm-xilinx-eabi/usr/lib/]
  ignore line: [COLLECT_GCC_OPTIONS='--sysroot=/home/kai/xilinx/2025.1/Vitis/gnu/armr5/lin/gcc-arm-none-eabi/bin/../armrm-xilinx-eabi' '-D' 'SDT' '-mcpu=cortex-r5' '-mfloat-abi=hard' '-mfpu=vfpv3-d16' '-D' 'ARMR5' '-MMD' '-MP' '-specs=/home/kai/projects/amd/zuboard/vitis_files/pll_connect/zynqmp_fsbl/zynqmp_fsbl_bsp/Xilinx.spec' '-Os' '-flto' '-ffat-lto-objects' '-D' 'ARMR5' '-I' '/home/kai/projects/amd/zuboard/vitis_files/pll_connect/zynqmp_fsbl/zynqmp_fsbl_bsp/include' '-v' '-o' 'cmTC_bd417' '-marm' '-mlibarch=armv7-r+fp+idiv' '-march=armv7-r+fp+idiv' '-dumpdir' 'cmTC_bd417.']
  link line: [ /home/kai/xilinx/2025.1/gnu/armr5/lin/gcc-arm-none-eabi/x86_64-oesdk-linux/usr/bin/arm-xilinx-eabi/../../libexec/arm-xilinx-eabi/gcc/arm-xilinx-eabi/13.3.0/collect2 -plugin /home/kai/xilinx/2025.1/gnu/armr5/lin/gcc-arm-none-eabi/x86_64-oesdk-linux/usr/bin/arm-xilinx-eabi/../../libexec/arm-xilinx-eabi/gcc/arm-xilinx-eabi/13.3.0/liblto_plugin.so -plugin-opt=/home/kai/xilinx/2025.1/gnu/armr5/lin/gcc-arm-none-eabi/x86_64-oesdk-linux/usr/bin/arm-xilinx-eabi/../../libexec/arm-xilinx-eabi/gcc/arm-xilinx-eabi/13.3.0/lto-wrapper -plugin-opt=-fresolution=/tmp/ccmm87Kj.res -plugin-opt=-pass-through=-lgcc -plugin-opt=-pass-through=-lc -flto --sysroot=/home/kai/xilinx/2025.1/Vitis/gnu/armr5/lin/gcc-arm-none-eabi/bin/../armrm-xilinx-eabi --build-id -X -o cmTC_bd417 /home/kai/xilinx/2025.1/Vitis/gnu/armr5/lin/gcc-arm-none-eabi/bin/../armrm-xilinx-eabi/usr/lib/thumb/v7+fp/hard/crti.o /home/kai/xilinx/2025.1/Vitis/gnu/armr5/lin/gcc-arm-none-eabi/bin/../armrm-xilinx-eabi/usr/lib/thumb/v7+fp/hard/crtbegin.o -L/home/kai/xilinx/2025.1/Vitis/gnu/armr5/lin/gcc-arm-none-eabi/bin/../armrm-xilinx-eabi/usr/lib/thumb/v7+fp/hard -L/home/kai/xilinx/2025.1/gnu/armr5/lin/gcc-arm-none-eabi/x86_64-oesdk-linux/usr/bin/arm-xilinx-eabi/../../lib/arm-xilinx-eabi/gcc/arm-xilinx-eabi/13.3.0 -L/home/kai/xilinx/2025.1/gnu/armr5/lin/gcc-arm-none-eabi/x86_64-oesdk-linux/usr/bin/arm-xilinx-eabi/../../lib/arm-xilinx-eabi/gcc -L/home/kai/xilinx/2025.1/Vitis/gnu/armr5/lin/gcc-arm-none-eabi/bin/../armrm-xilinx-eabi/usr/lib/arm-xilinx-eabi/13.3.0 -L/home/kai/xilinx/2025.1/Vitis/gnu/armr5/lin/gcc-arm-none-eabi/bin/../armrm-xilinx-eabi/usr/lib --no-warn-rwx-segment CMakeFiles/cmTC_bd417.dir/CMakeCCompilerABI.c.obj --start-group -lgcc -lc --end-group /home/kai/xilinx/2025.1/Vitis/gnu/armr5/lin/gcc-arm-none-eabi/bin/../armrm-xilinx-eabi/usr/lib/thumb/v7+fp/hard/crtend.o /home/kai/xilinx/2025.1/Vitis/gnu/armr5/lin/gcc-arm-none-eabi/bin/../armrm-xilinx-eabi/usr/lib/thumb/v7+fp/hard/crtn.o]
    arg [/home/kai/xilinx/2025.1/gnu/armr5/lin/gcc-arm-none-eabi/x86_64-oesdk-linux/usr/bin/arm-xilinx-eabi/../../libexec/arm-xilinx-eabi/gcc/arm-xilinx-eabi/13.3.0/collect2] ==> ignore
    arg [-plugin] ==> ignore
    arg [/home/kai/xilinx/2025.1/gnu/armr5/lin/gcc-arm-none-eabi/x86_64-oesdk-linux/usr/bin/arm-xilinx-eabi/../../libexec/arm-xilinx-eabi/gcc/arm-xilinx-eabi/13.3.0/liblto_plugin.so] ==> ignore
    arg [-plugin-opt=/home/kai/xilinx/2025.1/gnu/armr5/lin/gcc-arm-none-eabi/x86_64-oesdk-linux/usr/bin/arm-xilinx-eabi/../../libexec/arm-xilinx-eabi/gcc/arm-xilinx-eabi/13.3.0/lto-wrapper] ==> ignore
    arg [-plugin-opt=-fresolution=/tmp/ccmm87Kj.res] ==> ignore
    arg [-plugin-opt=-pass-through=-lgcc] ==> ignore
    arg [-plugin-opt=-pass-through=-lc] ==> ignore
    arg [-flto] ==> ignore
    arg [--sysroot=/home/kai/xilinx/2025.1/Vitis/gnu/armr5/lin/gcc-arm-none-eabi/bin/../armrm-xilinx-eabi] ==> ignore
    arg [--build-id] ==> ignore
    arg [-X] ==> ignore
    arg [-o] ==> ignore
    arg [cmTC_bd417] ==> ignore
    arg [/home/kai/xilinx/2025.1/Vitis/gnu/armr5/lin/gcc-arm-none-eabi/bin/../armrm-xilinx-eabi/usr/lib/thumb/v7+fp/hard/crti.o] ==> obj [/home/kai/xilinx/2025.1/Vitis/gnu/armr5/lin/gcc-arm-none-eabi/bin/../armrm-xilinx-eabi/usr/lib/thumb/v7+fp/hard/crti.o]
    arg [/home/kai/xilinx/2025.1/Vitis/gnu/armr5/lin/gcc-arm-none-eabi/bin/../armrm-xilinx-eabi/usr/lib/thumb/v7+fp/hard/crtbegin.o] ==> obj [/home/kai/xilinx/2025.1/Vitis/gnu/armr5/lin/gcc-arm-none-eabi/bin/../armrm-xilinx-eabi/usr/lib/thumb/v7+fp/hard/crtbegin.o]
    arg [-L/home/kai/xilinx/2025.1/Vitis/gnu/armr5/lin/gcc-arm-none-eabi/bin/../armrm-xilinx-eabi/usr/lib/thumb/v7+fp/hard] ==> dir [/home/kai/xilinx/2025.1/Vitis/gnu/armr5/lin/gcc-arm-none-eabi/bin/../armrm-xilinx-eabi/usr/lib/thumb/v7+fp/hard]
    arg [-L/home/kai/xilinx/2025.1/gnu/armr5/lin/gcc-arm-none-eabi/x86_64-oesdk-linux/usr/bin/arm-xilinx-eabi/../../lib/arm-xilinx-eabi/gcc/arm-xilinx-eabi/13.3.0] ==> dir [/home/kai/xilinx/2025.1/gnu/armr5/lin/gcc-arm-none-eabi/x86_64-oesdk-linux/usr/bin/arm-xilinx-eabi/../../lib/arm-xilinx-eabi/gcc/arm-xilinx-eabi/13.3.0]
    arg [-L/home/kai/xilinx/2025.1/gnu/armr5/lin/gcc-arm-none-eabi/x86_64-oesdk-linux/usr/bin/arm-xilinx-eabi/../../lib/arm-xilinx-eabi/gcc] ==> dir [/home/kai/xilinx/2025.1/gnu/armr5/lin/gcc-arm-none-eabi/x86_64-oesdk-linux/usr/bin/arm-xilinx-eabi/../../lib/arm-xilinx-eabi/gcc]
    arg [-L/home/kai/xilinx/2025.1/Vitis/gnu/armr5/lin/gcc-arm-none-eabi/bin/../armrm-xilinx-eabi/usr/lib/arm-xilinx-eabi/13.3.0] ==> dir [/home/kai/xilinx/2025.1/Vitis/gnu/armr5/lin/gcc-arm-none-eabi/bin/../armrm-xilinx-eabi/usr/lib/arm-xilinx-eabi/13.3.0]
    arg [-L/home/kai/xilinx/2025.1/Vitis/gnu/armr5/lin/gcc-arm-none-eabi/bin/../armrm-xilinx-eabi/usr/lib] ==> dir [/home/kai/xilinx/2025.1/Vitis/gnu/armr5/lin/gcc-arm-none-eabi/bin/../armrm-xilinx-eabi/usr/lib]
    arg [--no-warn-rwx-segment] ==> ignore
    arg [CMakeFiles/cmTC_bd417.dir/CMakeCCompilerABI.c.obj] ==> ignore
    arg [--start-group] ==> ignore
    arg [-lgcc] ==> lib [gcc]
    arg [-lc] ==> lib [c]
    arg [--end-group] ==> ignore
    arg [/home/kai/xilinx/2025.1/Vitis/gnu/armr5/lin/gcc-arm-none-eabi/bin/../armrm-xilinx-eabi/usr/lib/thumb/v7+fp/hard/crtend.o] ==> obj [/home/kai/xilinx/2025.1/Vitis/gnu/armr5/lin/gcc-arm-none-eabi/bin/../armrm-xilinx-eabi/usr/lib/thumb/v7+fp/hard/crtend.o]
    arg [/home/kai/xilinx/2025.1/Vitis/gnu/armr5/lin/gcc-arm-none-eabi/bin/../armrm-xilinx-eabi/usr/lib/thumb/v7+fp/hard/crtn.o] ==> obj [/home/kai/xilinx/2025.1/Vitis/gnu/armr5/lin/gcc-arm-none-eabi/bin/../armrm-xilinx-eabi/usr/lib/thumb/v7+fp/hard/crtn.o]
  collapse obj [/home/kai/xilinx/2025.1/Vitis/gnu/armr5/lin/gcc-arm-none-eabi/bin/../armrm-xilinx-eabi/usr/lib/thumb/v7+fp/hard/crti.o] ==> [/home/kai/xilinx/2025.1/Vitis/gnu/armr5/lin/gcc-arm-none-eabi/armrm-xilinx-eabi/usr/lib/thumb/v7+fp/hard/crti.o]
  collapse obj [/home/kai/xilinx/2025.1/Vitis/gnu/armr5/lin/gcc-arm-none-eabi/bin/../armrm-xilinx-eabi/usr/lib/thumb/v7+fp/hard/crtbegin.o] ==> [/home/kai/xilinx/2025.1/Vitis/gnu/armr5/lin/gcc-arm-none-eabi/armrm-xilinx-eabi/usr/lib/thumb/v7+fp/hard/crtbegin.o]
  collapse obj [/home/kai/xilinx/2025.1/Vitis/gnu/armr5/lin/gcc-arm-none-eabi/bin/../armrm-xilinx-eabi/usr/lib/thumb/v7+fp/hard/crtend.o] ==> [/home/kai/xilinx/2025.1/Vitis/gnu/armr5/lin/gcc-arm-none-eabi/armrm-xilinx-eabi/usr/lib/thumb/v7+fp/hard/crtend.o]
  collapse obj [/home/kai/xilinx/2025.1/Vitis/gnu/armr5/lin/gcc-arm-none-eabi/bin/../armrm-xilinx-eabi/usr/lib/thumb/v7+fp/hard/crtn.o] ==> [/home/kai/xilinx/2025.1/Vitis/gnu/armr5/lin/gcc-arm-none-eabi/armrm-xilinx-eabi/usr/lib/thumb/v7+fp/hard/crtn.o]
  collapse library dir [/home/kai/xilinx/2025.1/Vitis/gnu/armr5/lin/gcc-arm-none-eabi/bin/../armrm-xilinx-eabi/usr/lib/thumb/v7+fp/hard] ==> [/home/kai/xilinx/2025.1/Vitis/gnu/armr5/lin/gcc-arm-none-eabi/armrm-xilinx-eabi/usr/lib/thumb/v7+fp/hard]
  collapse library dir [/home/kai/xilinx/2025.1/gnu/armr5/lin/gcc-arm-none-eabi/x86_64-oesdk-linux/usr/bin/arm-xilinx-eabi/../../lib/arm-xilinx-eabi/gcc/arm-xilinx-eabi/13.3.0] ==> [/home/kai/xilinx/2025.1/gnu/armr5/lin/gcc-arm-none-eabi/x86_64-oesdk-linux/usr/lib/arm-xilinx-eabi/gcc/arm-xilinx-eabi/13.3.0]
  collapse library dir [/home/kai/xilinx/2025.1/gnu/armr5/lin/gcc-arm-none-eabi/x86_64-oesdk-linux/usr/bin/arm-xilinx-eabi/../../lib/arm-xilinx-eabi/gcc] ==> [/home/kai/xilinx/2025.1/gnu/armr5/lin/gcc-arm-none-eabi/x86_64-oesdk-linux/usr/lib/arm-xilinx-eabi/gcc]
  collapse library dir [/home/kai/xilinx/2025.1/Vitis/gnu/armr5/lin/gcc-arm-none-eabi/bin/../armrm-xilinx-eabi/usr/lib/arm-xilinx-eabi/13.3.0] ==> [/home/kai/xilinx/2025.1/Vitis/gnu/armr5/lin/gcc-arm-none-eabi/armrm-xilinx-eabi/usr/lib/arm-xilinx-eabi/13.3.0]
  collapse library dir [/home/kai/xilinx/2025.1/Vitis/gnu/armr5/lin/gcc-arm-none-eabi/bin/../armrm-xilinx-eabi/usr/lib] ==> [/home/kai/xilinx/2025.1/Vitis/gnu/armr5/lin/gcc-arm-none-eabi/armrm-xilinx-eabi/usr/lib]
  implicit libs: [gcc;c]
  implicit objs: [/home/kai/xilinx/2025.1/Vitis/gnu/armr5/lin/gcc-arm-none-eabi/armrm-xilinx-eabi/usr/lib/thumb/v7+fp/hard/crti.o;/home/kai/xilinx/2025.1/Vitis/gnu/armr5/lin/gcc-arm-none-eabi/armrm-xilinx-eabi/usr/lib/thumb/v7+fp/hard/crtbegin.o;/home/kai/xilinx/2025.1/Vitis/gnu/armr5/lin/gcc-arm-none-eabi/armrm-xilinx-eabi/usr/lib/thumb/v7+fp/hard/crtend.o;/home/kai/xilinx/2025.1/Vitis/gnu/armr5/lin/gcc-arm-none-eabi/armrm-xilinx-eabi/usr/lib/thumb/v7+fp/hard/crtn.o]
  implicit dirs: [/home/kai/xilinx/2025.1/Vitis/gnu/armr5/lin/gcc-arm-none-eabi/armrm-xilinx-eabi/usr/lib/thumb/v7+fp/hard;/home/kai/xilinx/2025.1/gnu/armr5/lin/gcc-arm-none-eabi/x86_64-oesdk-linux/usr/lib/arm-xilinx-eabi/gcc/arm-xilinx-eabi/13.3.0;/home/kai/xilinx/2025.1/gnu/armr5/lin/gcc-arm-none-eabi/x86_64-oesdk-linux/usr/lib/arm-xilinx-eabi/gcc;/home/kai/xilinx/2025.1/Vitis/gnu/armr5/lin/gcc-arm-none-eabi/armrm-xilinx-eabi/usr/lib/arm-xilinx-eabi/13.3.0;/home/kai/xilinx/2025.1/Vitis/gnu/armr5/lin/gcc-arm-none-eabi/armrm-xilinx-eabi/usr/lib]
  implicit fwks: []


Detecting CXX compiler ABI info compiled with the following output:
Change Dir: /home/kai/projects/amd/zuboard/vitis_files/pll_connect/zynqmp_fsbl/zynqmp_fsbl_bsp/libsrc/build_configs/gen_bsp/CMakeFiles/CMakeTmp

Run Build Command(s):/home/kai/xilinx/2025.1/Vitis/bin/ninja cmTC_cfe04 && [1/2] Building CXX object CMakeFiles/cmTC_cfe04.dir/CMakeCXXCompilerABI.cpp.obj
Using built-in specs.
Reading specs from /home/kai/projects/amd/zuboard/vitis_files/pll_connect/zynqmp_fsbl/zynqmp_fsbl_bsp/Xilinx.spec
COLLECT_GCC=/home/kai/xilinx/2025.1/Vitis/gnu/armr5/lin/gcc-arm-none-eabi/bin/../x86_64-oesdk-linux/usr/bin/arm-xilinx-eabi/arm-xilinx-eabi-g++.real
Target: arm-xilinx-eabi
Configured with: ../../../../../../work-shared/gcc-13.3.0-r0/gcc-13.3.0/configure --build=x86_64-linux --host=x86_64-oesdk-linux --target=arm-xilinx-eabi --prefix=/usr/local/oe-sdk-hardcoded-buildpath/sysroots/x86_64-oesdk-linux/usr --exec_prefix=/usr/local/oe-sdk-hardcoded-buildpath/sysroots/x86_64-oesdk-linux/usr --bindir=/usr/local/oe-sdk-hardcoded-buildpath/sysroots/x86_64-oesdk-linux/usr/bin/arm-xilinx-eabi --sbindir=/usr/local/oe-sdk-hardcoded-buildpath/sysroots/x86_64-oesdk-linux/usr/bin/arm-xilinx-eabi --libexecdir=/usr/local/oe-sdk-hardcoded-buildpath/sysroots/x86_64-oesdk-linux/usr/libexec/arm-xilinx-eabi --datadir=/usr/local/oe-sdk-hardcoded-buildpath/sysroots/x86_64-oesdk-linux/usr/share --sysconfdir=/usr/local/oe-sdk-hardcoded-buildpath/sysroots/x86_64-oesdk-linux/etc --sharedstatedir=/usr/local/oe-sdk-hardcoded-buildpath/sysroots/x86_64-oesdk-linux/com --localstatedir=/usr/local/oe-sdk-hardcoded-buildpath/sysroots/x86_64-oesdk-linux/var --libdir=/usr/local/oe-sdk-hardcoded-buildpath/sysroots/x86_64-oesdk-linux/usr/lib/arm-xilinx-eabi --includedir=/usr/local/oe-sdk-hardcoded-buildpath/sysroots/x86_64-oesdk-linux/usr/include --oldincludedir=/usr/local/oe-sdk-hardcoded-buildpath/sysroots/x86_64-oesdk-linux/usr/include --infodir=/usr/local/oe-sdk-hardcoded-buildpath/sysroots/x86_64-oesdk-linux/usr/share/info --mandir=/usr/local/oe-sdk-hardcoded-buildpath/sysroots/x86_64-oesdk-linux/usr/share/man --disable-silent-rules --disable-dependency-tracking --with-libtool-sysroot=/host --with-gnu-ld --enable-shared --enable-languages=c,c++,fortran --enable-threads=posix --enable-multilib --enable-c99 --enable-long-long --enable-libstdcxx-pch --program-prefix=arm-xilinx-eabi- --without-local-prefix --disable-install-libiberty --disable-libssp --enable-libitm --enable-lto --disable-bootstrap --with-system-zlib --enable-linker-build-id --with-ppl=no --with-cloog=no --enable-checking=release --enable-cheaders=c_global --without-isl --with-gxx-include-dir=/not/exist/usr/include/c++/13.3.0 --with-build-time-tools=/host-native/usr/arm-xilinx-eabi/bin --with-sysroot=/not/exist --with-build-sysroot=/host --with-plugin-ld=ld --enable-poison-system-directories --disable-static --enable-nls --with-glibc-version=2.28 --enable-initfini-array --with-multilib-list=rmprofile --enable-multilib --disable-libstdcxx-pch --with-newlib --disable-threads --enable-plugins --with-gnu-as --disable-libitm --disable-tm-clone-registry --disable-tls --disable-decimal-float --with-sysroot=/not/exist
Thread model: single
Supported LTO compression algorithms: zlib zstd
gcc version 13.3.0 (GCC) 
COLLECT_GCC_OPTIONS='--sysroot=/home/kai/xilinx/2025.1/Vitis/gnu/armr5/lin/gcc-arm-none-eabi/bin/../armrm-xilinx-eabi' '-D' 'SDT' '-mcpu=cortex-r5' '-mfloat-abi=hard' '-mfpu=vfpv3-d16' '-D' 'ARMR5' '-MMD' '-MP' '-specs=/home/kai/projects/amd/zuboard/vitis_files/pll_connect/zynqmp_fsbl/zynqmp_fsbl_bsp/Xilinx.spec' '-Os' '-flto' '-ffat-lto-objects' '-D' 'ARMR5' '-I' '/home/kai/projects/amd/zuboard/vitis_files/pll_connect/zynqmp_fsbl/zynqmp_fsbl_bsp/include' '-v' '-o' 'CMakeFiles/cmTC_cfe04.dir/CMakeCXXCompilerABI.cpp.obj' '-c' '-marm' '-mlibarch=armv7-r+fp+idiv' '-march=armv7-r+fp+idiv' '-dumpdir' 'CMakeFiles/cmTC_cfe04.dir/'
 /home/kai/xilinx/2025.1/gnu/armr5/lin/gcc-arm-none-eabi/x86_64-oesdk-linux/usr/bin/arm-xilinx-eabi/../../libexec/arm-xilinx-eabi/gcc/arm-xilinx-eabi/13.3.0/cc1plus -quiet -v -I /home/kai/projects/amd/zuboard/vitis_files/pll_connect/zynqmp_fsbl/zynqmp_fsbl_bsp/include -imultilib thumb/v7+fp/hard -iprefix /home/kai/xilinx/2025.1/gnu/armr5/lin/gcc-arm-none-eabi/x86_64-oesdk-linux/usr/bin/arm-xilinx-eabi/../../lib/arm-xilinx-eabi/gcc/arm-xilinx-eabi/13.3.0/ -isysroot /home/kai/xilinx/2025.1/Vitis/gnu/armr5/lin/gcc-arm-none-eabi/bin/../armrm-xilinx-eabi -MMD CMakeFiles/cmTC_cfe04.dir/CMakeCXXCompilerABI.cpp.d -MP -MQ CMakeFiles/cmTC_cfe04.dir/CMakeCXXCompilerABI.cpp.obj -D__USES_INITFINI__ -D SDT -D ARMR5 -D ARMR5 /home/kai/xilinx/2025.1/tps/lnx64/cmake-3.24.2/share/cmake-3.24/Modules/CMakeCXXCompilerABI.cpp -quiet -dumpdir CMakeFiles/cmTC_cfe04.dir/ -dumpbase CMakeCXXCompilerABI.cpp.cpp -dumpbase-ext .cpp -mcpu=cortex-r5 -mfloat-abi=hard -mfpu=vfpv3-d16 -marm -mlibarch=armv7-r+fp+idiv -march=armv7-r+fp+idiv -Os -version -flto -ffat-lto-objects -o /tmp/ccgZiGY0.s
GNU C++17 (GCC) version 13.3.0 (arm-xilinx-eabi)
	compiled by GNU C version 13.3.0, GMP version 6.3.0, MPFR version 4.2.1, MPC version 1.3.1, isl version none
GGC heuristics: --param ggc-min-expand=100 --param ggc-min-heapsize=131072
ignoring nonexistent directory "/home/kai/xilinx/2025.1/gnu/armr5/lin/gcc-arm-none-eabi/x86_64-oesdk-linux/usr/bin/arm-xilinx-eabi/../../lib/arm-xilinx-eabi/gcc/arm-xilinx-eabi/13.3.0/../../../../../arm-xilinx-eabi/include"
ignoring duplicate directory "/home/kai/xilinx/2025.1/gnu/armr5/lin/gcc-arm-none-eabi/x86_64-oesdk-linux/usr/bin/arm-xilinx-eabi/../../lib/arm-xilinx-eabi/gcc/../../../lib/arm-xilinx-eabi/gcc/arm-xilinx-eabi/13.3.0/include"
ignoring nonexistent directory "/home/kai/xilinx/2025.1/Vitis/gnu/armr5/lin/gcc-arm-none-eabi/bin/../armrm-xilinx-eabi/usr/lib/arm-xilinx-eabi/13.3.0/include"
ignoring nonexistent directory "/home/kai/xilinx/2025.1/Vitis/gnu/armr5/lin/gcc-arm-none-eabi/bin/../armrm-xilinx-eabi/usr/local/include"
ignoring duplicate directory "/home/kai/xilinx/2025.1/gnu/armr5/lin/gcc-arm-none-eabi/x86_64-oesdk-linux/usr/bin/arm-xilinx-eabi/../../lib/arm-xilinx-eabi/gcc/../../../lib/arm-xilinx-eabi/gcc/arm-xilinx-eabi/13.3.0/include-fixed"
ignoring nonexistent directory "/home/kai/xilinx/2025.1/gnu/armr5/lin/gcc-arm-none-eabi/x86_64-oesdk-linux/usr/bin/arm-xilinx-eabi/../../lib/arm-xilinx-eabi/gcc/../../../lib/arm-xilinx-eabi/gcc/arm-xilinx-eabi/13.3.0/../../../../../arm-xilinx-eabi/include"
#include "..." search starts here:
#include <...> search starts here:
 /home/kai/projects/amd/zuboard/vitis_files/pll_connect/zynqmp_fsbl/zynqmp_fsbl_bsp/include
 /home/kai/xilinx/2025.1/gnu/armr5/lin/gcc-arm-none-eabi/x86_64-oesdk-linux/usr/bin/arm-xilinx-eabi/../../lib/arm-xilinx-eabi/gcc/arm-xilinx-eabi/13.3.0/include
 /home/kai/xilinx/2025.1/gnu/armr5/lin/gcc-arm-none-eabi/x86_64-oesdk-linux/usr/bin/arm-xilinx-eabi/../../lib/arm-xilinx-eabi/gcc/arm-xilinx-eabi/13.3.0/include-fixed
 /home/kai/xilinx/2025.1/Vitis/gnu/armr5/lin/gcc-arm-none-eabi/bin/../armrm-xilinx-eabi/usr/include/c++/13.3.0
 /home/kai/xilinx/2025.1/Vitis/gnu/armr5/lin/gcc-arm-none-eabi/bin/../armrm-xilinx-eabi/usr/include/c++/13.3.0/arm-xilinx-eabi/thumb/v7+fp/hard
 /home/kai/xilinx/2025.1/Vitis/gnu/armr5/lin/gcc-arm-none-eabi/bin/../armrm-xilinx-eabi/usr/include/c++/13.3.0/backward
 /home/kai/xilinx/2025.1/Vitis/gnu/armr5/lin/gcc-arm-none-eabi/bin/../armrm-xilinx-eabi/usr/include/
End of search list.
Compiler executable checksum: a74f8ee75b8b2218ec7512a5fbcfac40
COLLECT_GCC_OPTIONS='--sysroot=/home/kai/xilinx/2025.1/Vitis/gnu/armr5/lin/gcc-arm-none-eabi/bin/../armrm-xilinx-eabi' '-D' 'SDT' '-mcpu=cortex-r5' '-mfloat-abi=hard' '-mfpu=vfpv3-d16' '-D' 'ARMR5' '-MMD' '-MP' '-specs=/home/kai/projects/amd/zuboard/vitis_files/pll_connect/zynqmp_fsbl/zynqmp_fsbl_bsp/Xilinx.spec' '-Os' '-flto' '-ffat-lto-objects' '-D' 'ARMR5' '-I' '/home/kai/projects/amd/zuboard/vitis_files/pll_connect/zynqmp_fsbl/zynqmp_fsbl_bsp/include' '-v' '-o' 'CMakeFiles/cmTC_cfe04.dir/CMakeCXXCompilerABI.cpp.obj' '-c' '-marm' '-mlibarch=armv7-r+fp+idiv' '-march=armv7-r+fp+idiv' '-dumpdir' 'CMakeFiles/cmTC_cfe04.dir/'
 /home/kai/xilinx/2025.1/gnu/armr5/lin/gcc-arm-none-eabi/x86_64-oesdk-linux/usr/bin/arm-xilinx-eabi/../../libexec/arm-xilinx-eabi/gcc/arm-xilinx-eabi/13.3.0/as -v -I /home/kai/projects/amd/zuboard/vitis_files/pll_connect/zynqmp_fsbl/zynqmp_fsbl_bsp/include -march=armv7-r+fp+idiv -mfloat-abi=hard -mfpu=vfpv3-d16 -meabi=5 -o CMakeFiles/cmTC_cfe04.dir/CMakeCXXCompilerABI.cpp.obj /tmp/ccgZiGY0.s
GNU assembler version 2.42.0 (arm-xilinx-eabi) using BFD version (GNU Binutils) 2.42.0.20240723
COMPILER_PATH=/home/kai/xilinx/2025.1/gnu/armr5/lin/gcc-arm-none-eabi/x86_64-oesdk-linux/usr/bin/arm-xilinx-eabi/../../libexec/arm-xilinx-eabi/gcc/arm-xilinx-eabi/13.3.0/:/home/kai/xilinx/2025.1/gnu/armr5/lin/gcc-arm-none-eabi/x86_64-oesdk-linux/usr/bin/arm-xilinx-eabi/../../libexec/arm-xilinx-eabi/gcc/
LIBRARY_PATH=/home/kai/xilinx/2025.1/Vitis/gnu/armr5/lin/gcc-arm-none-eabi/bin/../armrm-xilinx-eabi/usr/lib/thumb/v7+fp/hard/:/home/kai/xilinx/2025.1/gnu/armr5/lin/gcc-arm-none-eabi/x86_64-oesdk-linux/usr/bin/arm-xilinx-eabi/../../lib/arm-xilinx-eabi/gcc/arm-xilinx-eabi/13.3.0/:/home/kai/xilinx/2025.1/gnu/armr5/lin/gcc-arm-none-eabi/x86_64-oesdk-linux/usr/bin/arm-xilinx-eabi/../../lib/arm-xilinx-eabi/gcc/:/home/kai/xilinx/2025.1/Vitis/gnu/armr5/lin/gcc-arm-none-eabi/bin/../armrm-xilinx-eabi/usr/lib/arm-xilinx-eabi/13.3.0/:/home/kai/xilinx/2025.1/Vitis/gnu/armr5/lin/gcc-arm-none-eabi/bin/../armrm-xilinx-eabi/usr/lib/
COLLECT_GCC_OPTIONS='--sysroot=/home/kai/xilinx/2025.1/Vitis/gnu/armr5/lin/gcc-arm-none-eabi/bin/../armrm-xilinx-eabi' '-D' 'SDT' '-mcpu=cortex-r5' '-mfloat-abi=hard' '-mfpu=vfpv3-d16' '-D' 'ARMR5' '-MMD' '-MP' '-specs=/home/kai/projects/amd/zuboard/vitis_files/pll_connect/zynqmp_fsbl/zynqmp_fsbl_bsp/Xilinx.spec' '-Os' '-flto' '-ffat-lto-objects' '-D' 'ARMR5' '-I' '/home/kai/projects/amd/zuboard/vitis_files/pll_connect/zynqmp_fsbl/zynqmp_fsbl_bsp/include' '-v' '-o' 'CMakeFiles/cmTC_cfe04.dir/CMakeCXXCompilerABI.cpp.obj' '-c' '-marm' '-mlibarch=armv7-r+fp+idiv' '-march=armv7-r+fp+idiv' '-dumpdir' 'CMakeFiles/cmTC_cfe04.dir/CMakeCXXCompilerABI.cpp.'
[2/2] Linking CXX executable cmTC_cfe04
Using built-in specs.
Reading specs from /home/kai/projects/amd/zuboard/vitis_files/pll_connect/zynqmp_fsbl/zynqmp_fsbl_bsp/Xilinx.spec
COLLECT_GCC=/home/kai/xilinx/2025.1/Vitis/gnu/armr5/lin/gcc-arm-none-eabi/bin/../x86_64-oesdk-linux/usr/bin/arm-xilinx-eabi/arm-xilinx-eabi-g++.real
COLLECT_LTO_WRAPPER=/home/kai/xilinx/2025.1/gnu/armr5/lin/gcc-arm-none-eabi/x86_64-oesdk-linux/usr/bin/arm-xilinx-eabi/../../libexec/arm-xilinx-eabi/gcc/arm-xilinx-eabi/13.3.0/lto-wrapper
Target: arm-xilinx-eabi
Configured with: ../../../../../../work-shared/gcc-13.3.0-r0/gcc-13.3.0/configure --build=x86_64-linux --host=x86_64-oesdk-linux --target=arm-xilinx-eabi --prefix=/usr/local/oe-sdk-hardcoded-buildpath/sysroots/x86_64-oesdk-linux/usr --exec_prefix=/usr/local/oe-sdk-hardcoded-buildpath/sysroots/x86_64-oesdk-linux/usr --bindir=/usr/local/oe-sdk-hardcoded-buildpath/sysroots/x86_64-oesdk-linux/usr/bin/arm-xilinx-eabi --sbindir=/usr/local/oe-sdk-hardcoded-buildpath/sysroots/x86_64-oesdk-linux/usr/bin/arm-xilinx-eabi --libexecdir=/usr/local/oe-sdk-hardcoded-buildpath/sysroots/x86_64-oesdk-linux/usr/libexec/arm-xilinx-eabi --datadir=/usr/local/oe-sdk-hardcoded-buildpath/sysroots/x86_64-oesdk-linux/usr/share --sysconfdir=/usr/local/oe-sdk-hardcoded-buildpath/sysroots/x86_64-oesdk-linux/etc --sharedstatedir=/usr/local/oe-sdk-hardcoded-buildpath/sysroots/x86_64-oesdk-linux/com --localstatedir=/usr/local/oe-sdk-hardcoded-buildpath/sysroots/x86_64-oesdk-linux/var --libdir=/usr/local/oe-sdk-hardcoded-buildpath/sysroots/x86_64-oesdk-linux/usr/lib/arm-xilinx-eabi --includedir=/usr/local/oe-sdk-hardcoded-buildpath/sysroots/x86_64-oesdk-linux/usr/include --oldincludedir=/usr/local/oe-sdk-hardcoded-buildpath/sysroots/x86_64-oesdk-linux/usr/include --infodir=/usr/local/oe-sdk-hardcoded-buildpath/sysroots/x86_64-oesdk-linux/usr/share/info --mandir=/usr/local/oe-sdk-hardcoded-buildpath/sysroots/x86_64-oesdk-linux/usr/share/man --disable-silent-rules --disable-dependency-tracking --with-libtool-sysroot=/host --with-gnu-ld --enable-shared --enable-languages=c,c++,fortran --enable-threads=posix --enable-multilib --enable-c99 --enable-long-long --enable-libstdcxx-pch --program-prefix=arm-xilinx-eabi- --without-local-prefix --disable-install-libiberty --disable-libssp --enable-libitm --enable-lto --disable-bootstrap --with-system-zlib --enable-linker-build-id --with-ppl=no --with-cloog=no --enable-checking=release --enable-cheaders=c_global --without-isl --with-gxx-include-dir=/not/exist/usr/include/c++/13.3.0 --with-build-time-tools=/host-native/usr/arm-xilinx-eabi/bin --with-sysroot=/not/exist --with-build-sysroot=/host --with-plugin-ld=ld --enable-poison-system-directories --disable-static --enable-nls --with-glibc-version=2.28 --enable-initfini-array --with-multilib-list=rmprofile --enable-multilib --disable-libstdcxx-pch --with-newlib --disable-threads --enable-plugins --with-gnu-as --disable-libitm --disable-tm-clone-registry --disable-tls --disable-decimal-float --with-sysroot=/not/exist
Thread model: single
Supported LTO compression algorithms: zlib zstd
gcc version 13.3.0 (GCC) 
COMPILER_PATH=/home/kai/xilinx/2025.1/gnu/armr5/lin/gcc-arm-none-eabi/x86_64-oesdk-linux/usr/bin/arm-xilinx-eabi/../../libexec/arm-xilinx-eabi/gcc/arm-xilinx-eabi/13.3.0/:/home/kai/xilinx/2025.1/gnu/armr5/lin/gcc-arm-none-eabi/x86_64-oesdk-linux/usr/bin/arm-xilinx-eabi/../../libexec/arm-xilinx-eabi/gcc/
LIBRARY_PATH=/home/kai/xilinx/2025.1/Vitis/gnu/armr5/lin/gcc-arm-none-eabi/bin/../armrm-xilinx-eabi/usr/lib/thumb/v7+fp/hard/:/home/kai/xilinx/2025.1/gnu/armr5/lin/gcc-arm-none-eabi/x86_64-oesdk-linux/usr/bin/arm-xilinx-eabi/../../lib/arm-xilinx-eabi/gcc/arm-xilinx-eabi/13.3.0/:/home/kai/xilinx/2025.1/gnu/armr5/lin/gcc-arm-none-eabi/x86_64-oesdk-linux/usr/bin/arm-xilinx-eabi/../../lib/arm-xilinx-eabi/gcc/:/home/kai/xilinx/2025.1/Vitis/gnu/armr5/lin/gcc-arm-none-eabi/bin/../armrm-xilinx-eabi/usr/lib/arm-xilinx-eabi/13.3.0/:/home/kai/xilinx/2025.1/Vitis/gnu/armr5/lin/gcc-arm-none-eabi/bin/../armrm-xilinx-eabi/usr/lib/
COLLECT_GCC_OPTIONS='--sysroot=/home/kai/xilinx/2025.1/Vitis/gnu/armr5/lin/gcc-arm-none-eabi/bin/../armrm-xilinx-eabi' '-D' 'SDT' '-mcpu=cortex-r5' '-mfloat-abi=hard' '-mfpu=vfpv3-d16' '-D' 'ARMR5' '-MMD' '-MP' '-specs=/home/kai/projects/amd/zuboard/vitis_files/pll_connect/zynqmp_fsbl/zynqmp_fsbl_bsp/Xilinx.spec' '-Os' '-flto' '-ffat-lto-objects' '-D' 'ARMR5' '-I' '/home/kai/projects/amd/zuboard/vitis_files/pll_connect/zynqmp_fsbl/zynqmp_fsbl_bsp/include' '-v' '-o' 'cmTC_cfe04' '-marm' '-mlibarch=armv7-r+fp+idiv' '-march=armv7-r+fp+idiv' '-dumpdir' 'cmTC_cfe04.'
 /home/kai/xilinx/2025.1/gnu/armr5/lin/gcc-arm-none-eabi/x86_64-oesdk-linux/usr/bin/arm-xilinx-eabi/../../libexec/arm-xilinx-eabi/gcc/arm-xilinx-eabi/13.3.0/collect2 -plugin /home/kai/xilinx/2025.1/gnu/armr5/lin/gcc-arm-none-eabi/x86_64-oesdk-linux/usr/bin/arm-xilinx-eabi/../../libexec/arm-xilinx-eabi/gcc/arm-xilinx-eabi/13.3.0/liblto_plugin.so -plugin-opt=/home/kai/xilinx/2025.1/gnu/armr5/lin/gcc-arm-none-eabi/x86_64-oesdk-linux/usr/bin/arm-xilinx-eabi/../../libexec/arm-xilinx-eabi/gcc/arm-xilinx-eabi/13.3.0/lto-wrapper -plugin-opt=-fresolution=/tmp/ccLKFJip.res -plugin-opt=-pass-through=-lgcc -plugin-opt=-pass-through=-lc -flto --sysroot=/home/kai/xilinx/2025.1/Vitis/gnu/armr5/lin/gcc-arm-none-eabi/bin/../armrm-xilinx-eabi --build-id -X -o cmTC_cfe04 /home/kai/xilinx/2025.1/Vitis/gnu/armr5/lin/gcc-arm-none-eabi/bin/../armrm-xilinx-eabi/usr/lib/thumb/v7+fp/hard/crti.o /home/kai/xilinx/2025.1/Vitis/gnu/armr5/lin/gcc-arm-none-eabi/bin/../armrm-xilinx-eabi/usr/lib/thumb/v7+fp/hard/crtbegin.o -L/home/kai/xilinx/2025.1/Vitis/gnu/armr5/lin/gcc-arm-none-eabi/bin/../armrm-xilinx-eabi/usr/lib/thumb/v7+fp/hard -L/home/kai/xilinx/2025.1/gnu/armr5/lin/gcc-arm-none-eabi/x86_64-oesdk-linux/usr/bin/arm-xilinx-eabi/../../lib/arm-xilinx-eabi/gcc/arm-xilinx-eabi/13.3.0 -L/home/kai/xilinx/2025.1/gnu/armr5/lin/gcc-arm-none-eabi/x86_64-oesdk-linux/usr/bin/arm-xilinx-eabi/../../lib/arm-xilinx-eabi/gcc -L/home/kai/xilinx/2025.1/Vitis/gnu/armr5/lin/gcc-arm-none-eabi/bin/../armrm-xilinx-eabi/usr/lib/arm-xilinx-eabi/13.3.0 -L/home/kai/xilinx/2025.1/Vitis/gnu/armr5/lin/gcc-arm-none-eabi/bin/../armrm-xilinx-eabi/usr/lib --no-warn-rwx-segment CMakeFiles/cmTC_cfe04.dir/CMakeCXXCompilerABI.cpp.obj -lstdc++ -lm --start-group -lgcc -lc --end-group /home/kai/xilinx/2025.1/Vitis/gnu/armr5/lin/gcc-arm-none-eabi/bin/../armrm-xilinx-eabi/usr/lib/thumb/v7+fp/hard/crtend.o /home/kai/xilinx/2025.1/Vitis/gnu/armr5/lin/gcc-arm-none-eabi/bin/../armrm-xilinx-eabi/usr/lib/thumb/v7+fp/hard/crtn.o
/home/kai/xilinx/2025.1/gnu/armr5/lin/gcc-arm-none-eabi/x86_64-oesdk-linux/usr/bin/arm-xilinx-eabi/../../libexec/arm-xilinx-eabi/gcc/arm-xilinx-eabi/13.3.0/lto-wrapper -fresolution=/tmp/ccLKFJip.res -flinker-output=exec CMakeFiles/cmTC_cfe04.dir/CMakeCXXCompilerABI.cpp.obj 
/home/kai/xilinx/2025.1/gnu/armr5/lin/gcc-arm-none-eabi/x86_64-oesdk-linux/usr/bin/arm-xilinx-eabi/../../libexec/arm-xilinx-eabi/gcc/arm-xilinx-eabi/13.3.0/lto-wrapper.real -fresolution=/tmp/ccLKFJip.res -flinker-output=exec CMakeFiles/cmTC_cfe04.dir/CMakeCXXCompilerABI.cpp.obj 
/home/kai/xilinx/2025.1/Vitis/gnu/armr5/lin/gcc-arm-none-eabi/bin/../x86_64-oesdk-linux/usr/bin/arm-xilinx-eabi/arm-xilinx-eabi-g++ @/tmp/ccccVNge
Using built-in specs.
Reading specs from /home/kai/projects/amd/zuboard/vitis_files/pll_connect/zynqmp_fsbl/zynqmp_fsbl_bsp/Xilinx.spec
COLLECT_GCC=/home/kai/xilinx/2025.1/Vitis/gnu/armr5/lin/gcc-arm-none-eabi/bin/../x86_64-oesdk-linux/usr/bin/arm-xilinx-eabi/arm-xilinx-eabi-g++.real
Target: arm-xilinx-eabi
Configured with: ../../../../../../work-shared/gcc-13.3.0-r0/gcc-13.3.0/configure --build=x86_64-linux --host=x86_64-oesdk-linux --target=arm-xilinx-eabi --prefix=/usr/local/oe-sdk-hardcoded-buildpath/sysroots/x86_64-oesdk-linux/usr --exec_prefix=/usr/local/oe-sdk-hardcoded-buildpath/sysroots/x86_64-oesdk-linux/usr --bindir=/usr/local/oe-sdk-hardcoded-buildpath/sysroots/x86_64-oesdk-linux/usr/bin/arm-xilinx-eabi --sbindir=/usr/local/oe-sdk-hardcoded-buildpath/sysroots/x86_64-oesdk-linux/usr/bin/arm-xilinx-eabi --libexecdir=/usr/local/oe-sdk-hardcoded-buildpath/sysroots/x86_64-oesdk-linux/usr/libexec/arm-xilinx-eabi --datadir=/usr/local/oe-sdk-hardcoded-buildpath/sysroots/x86_64-oesdk-linux/usr/share --sysconfdir=/usr/local/oe-sdk-hardcoded-buildpath/sysroots/x86_64-oesdk-linux/etc --sharedstatedir=/usr/local/oe-sdk-hardcoded-buildpath/sysroots/x86_64-oesdk-linux/com --localstatedir=/usr/local/oe-sdk-hardcoded-buildpath/sysroots/x86_64-oesdk-linux/var --libdir=/usr/local/oe-sdk-hardcoded-buildpath/sysroots/x86_64-oesdk-linux/usr/lib/arm-xilinx-eabi --includedir=/usr/local/oe-sdk-hardcoded-buildpath/sysroots/x86_64-oesdk-linux/usr/include --oldincludedir=/usr/local/oe-sdk-hardcoded-buildpath/sysroots/x86_64-oesdk-linux/usr/include --infodir=/usr/local/oe-sdk-hardcoded-buildpath/sysroots/x86_64-oesdk-linux/usr/share/info --mandir=/usr/local/oe-sdk-hardcoded-buildpath/sysroots/x86_64-oesdk-linux/usr/share/man --disable-silent-rules --disable-dependency-tracking --with-libtool-sysroot=/host --with-gnu-ld --enable-shared --enable-languages=c,c++,fortran --enable-threads=posix --enable-multilib --enable-c99 --enable-long-long --enable-libstdcxx-pch --program-prefix=arm-xilinx-eabi- --without-local-prefix --disable-install-libiberty --disable-libssp --enable-libitm --enable-lto --disable-bootstrap --with-system-zlib --enable-linker-build-id --with-ppl=no --with-cloog=no --enable-checking=release --enable-cheaders=c_global --without-isl --with-gxx-include-dir=/not/exist/usr/include/c++/13.3.0 --with-build-time-tools=/host-native/usr/arm-xilinx-eabi/bin --with-sysroot=/not/exist --with-build-sysroot=/host --with-plugin-ld=ld --enable-poison-system-directories --disable-static --enable-nls --with-glibc-version=2.28 --enable-initfini-array --with-multilib-list=rmprofile --enable-multilib --disable-libstdcxx-pch --with-newlib --disable-threads --enable-plugins --with-gnu-as --disable-libitm --disable-tm-clone-registry --disable-tls --disable-decimal-float --with-sysroot=/not/exist
Thread model: single
Supported LTO compression algorithms: zlib zstd
gcc version 13.3.0 (GCC) 
COLLECT_GCC_OPTIONS='-c' '-fno-openmp' '-fno-openacc' '-fno-pie' '-fcf-protection=none' '-mfloat-abi=hard' '-mfpu=vfpv3-d16'  '-Os' '--sysroot=/home/kai/xilinx/2025.1/Vitis/gnu/armr5/lin/gcc-arm-none-eabi/bin/../armrm-xilinx-eabi' '-mcpu=cortex-r5' '-mfloat-abi=hard' '-mfpu=vfpv3-d16' '-specs=/home/kai/projects/amd/zuboard/vitis_files/pll_connect/zynqmp_fsbl/zynqmp_fsbl_bsp/Xilinx.spec' '-Os' '-ffat-lto-objects' '-v' '-marm'     '-fltrans-output-list=/tmp/cc3HaC5K.ltrans.out' '-fwpa' '-fresolution=/tmp/ccLKFJip.res' '-flinker-output=exec' '-mlibarch=armv7-r+fp+idiv' '-march=armv7-r+fp+idiv'
 /home/kai/xilinx/2025.1/gnu/armr5/lin/gcc-arm-none-eabi/x86_64-oesdk-linux/usr/bin/arm-xilinx-eabi/../../lib/arm-xilinx-eabi/gcc/../../../libexec/arm-xilinx-eabi/gcc/arm-xilinx-eabi/13.3.0/lto1 -quiet -dumpbase ./cmTC_cfe04.wpa -mfloat-abi=hard -mfpu=vfpv3-d16 -mcpu=cortex-r5 -mfloat-abi=hard -mfpu=vfpv3-d16 -marm -mlibarch=armv7-r+fp+idiv -march=armv7-r+fp+idiv -Os -Os -version -fno-openmp -fno-openacc -fno-pie -fcf-protection=none -ffat-lto-objects -fltrans-output-list=/tmp/cc3HaC5K.ltrans.out -fwpa -fresolution=/tmp/ccLKFJip.res -flinker-output=exec @/tmp/ccyqlTnC
GNU GIMPLE (GCC) version 13.3.0 (arm-xilinx-eabi)
	compiled by GNU C version 13.3.0, GMP version 6.3.0, MPFR version 4.2.1, MPC version 1.3.1, isl version none
GGC heuristics: --param ggc-min-expand=100 --param ggc-min-heapsize=131072
COMPILER_PATH=/home/kai/xilinx/2025.1/gnu/armr5/lin/gcc-arm-none-eabi/x86_64-oesdk-linux/usr/bin/arm-xilinx-eabi/../../lib/arm-xilinx-eabi/gcc/../../../libexec/arm-xilinx-eabi/gcc/arm-xilinx-eabi/13.3.0/:/home/kai/xilinx/2025.1/gnu/armr5/lin/gcc-arm-none-eabi/x86_64-oesdk-linux/usr/bin/arm-xilinx-eabi/../../lib/arm-xilinx-eabi/gcc/../../../libexec/arm-xilinx-eabi/gcc/:/home/kai/xilinx/2025.1/gnu/armr5/lin/gcc-arm-none-eabi/x86_64-oesdk-linux/usr/bin/arm-xilinx-eabi/../../libexec/arm-xilinx-eabi/gcc/arm-xilinx-eabi/13.3.0/:/home/kai/xilinx/2025.1/gnu/armr5/lin/gcc-arm-none-eabi/x86_64-oesdk-linux/usr/bin/arm-xilinx-eabi/../../libexec/arm-xilinx-eabi/gcc/arm-xilinx-eabi/13.3.0/:/home/kai/xilinx/2025.1/gnu/armr5/lin/gcc-arm-none-eabi/x86_64-oesdk-linux/usr/bin/arm-xilinx-eabi/../../libexec/arm-xilinx-eabi/gcc/
LIBRARY_PATH=/home/kai/xilinx/2025.1/Vitis/gnu/armr5/lin/gcc-arm-none-eabi/bin/../armrm-xilinx-eabi/usr/lib/thumb/v7+fp/hard/:/home/kai/xilinx/2025.1/gnu/armr5/lin/gcc-arm-none-eabi/x86_64-oesdk-linux/usr/bin/arm-xilinx-eabi/../../lib/arm-xilinx-eabi/gcc/arm-xilinx-eabi/13.3.0/:/home/kai/xilinx/2025.1/gnu/armr5/lin/gcc-arm-none-eabi/x86_64-oesdk-linux/usr/bin/arm-xilinx-eabi/../../lib/arm-xilinx-eabi/gcc/:/home/kai/xilinx/2025.1/Vitis/gnu/armr5/lin/gcc-arm-none-eabi/bin/../armrm-xilinx-eabi/usr/lib/arm-xilinx-eabi/13.3.0/:/home/kai/xilinx/2025.1/Vitis/gnu/armr5/lin/gcc-arm-none-eabi/bin/../armrm-xilinx-eabi/usr/lib/
COLLECT_GCC_OPTIONS='-c' '-fno-openmp' '-fno-openacc' '-fno-pie' '-fcf-protection=none' '-mfloat-abi=hard' '-mfpu=vfpv3-d16'  '-Os' '--sysroot=/home/kai/xilinx/2025.1/Vitis/gnu/armr5/lin/gcc-arm-none-eabi/bin/../armrm-xilinx-eabi' '-mcpu=cortex-r5' '-mfloat-abi=hard' '-mfpu=vfpv3-d16' '-specs=/home/kai/projects/amd/zuboard/vitis_files/pll_connect/zynqmp_fsbl/zynqmp_fsbl_bsp/Xilinx.spec' '-Os' '-ffat-lto-objects' '-v' '-marm'     '-fltrans-output-list=/tmp/cc3HaC5K.ltrans.out' '-fwpa' '-fresolution=/tmp/ccLKFJip.res' '-flinker-output=exec' '-mlibarch=armv7-r+fp+idiv' '-march=armv7-r+fp+idiv' '-dumpdir' './cmTC_cfe04.wpa.'
/home/kai/xilinx/2025.1/Vitis/gnu/armr5/lin/gcc-arm-none-eabi/bin/../x86_64-oesdk-linux/usr/bin/arm-xilinx-eabi/arm-xilinx-eabi-g++ @/tmp/ccW4LfjW
Using built-in specs.
Reading specs from /home/kai/projects/amd/zuboard/vitis_files/pll_connect/zynqmp_fsbl/zynqmp_fsbl_bsp/Xilinx.spec
COLLECT_GCC=/home/kai/xilinx/2025.1/Vitis/gnu/armr5/lin/gcc-arm-none-eabi/bin/../x86_64-oesdk-linux/usr/bin/arm-xilinx-eabi/arm-xilinx-eabi-g++.real
Target: arm-xilinx-eabi
Configured with: ../../../../../../work-shared/gcc-13.3.0-r0/gcc-13.3.0/configure --build=x86_64-linux --host=x86_64-oesdk-linux --target=arm-xilinx-eabi --prefix=/usr/local/oe-sdk-hardcoded-buildpath/sysroots/x86_64-oesdk-linux/usr --exec_prefix=/usr/local/oe-sdk-hardcoded-buildpath/sysroots/x86_64-oesdk-linux/usr --bindir=/usr/local/oe-sdk-hardcoded-buildpath/sysroots/x86_64-oesdk-linux/usr/bin/arm-xilinx-eabi --sbindir=/usr/local/oe-sdk-hardcoded-buildpath/sysroots/x86_64-oesdk-linux/usr/bin/arm-xilinx-eabi --libexecdir=/usr/local/oe-sdk-hardcoded-buildpath/sysroots/x86_64-oesdk-linux/usr/libexec/arm-xilinx-eabi --datadir=/usr/local/oe-sdk-hardcoded-buildpath/sysroots/x86_64-oesdk-linux/usr/share --sysconfdir=/usr/local/oe-sdk-hardcoded-buildpath/sysroots/x86_64-oesdk-linux/etc --sharedstatedir=/usr/local/oe-sdk-hardcoded-buildpath/sysroots/x86_64-oesdk-linux/com --localstatedir=/usr/local/oe-sdk-hardcoded-buildpath/sysroots/x86_64-oesdk-linux/var --libdir=/usr/local/oe-sdk-hardcoded-buildpath/sysroots/x86_64-oesdk-linux/usr/lib/arm-xilinx-eabi --includedir=/usr/local/oe-sdk-hardcoded-buildpath/sysroots/x86_64-oesdk-linux/usr/include --oldincludedir=/usr/local/oe-sdk-hardcoded-buildpath/sysroots/x86_64-oesdk-linux/usr/include --infodir=/usr/local/oe-sdk-hardcoded-buildpath/sysroots/x86_64-oesdk-linux/usr/share/info --mandir=/usr/local/oe-sdk-hardcoded-buildpath/sysroots/x86_64-oesdk-linux/usr/share/man --disable-silent-rules --disable-dependency-tracking --with-libtool-sysroot=/host --with-gnu-ld --enable-shared --enable-languages=c,c++,fortran --enable-threads=posix --enable-multilib --enable-c99 --enable-long-long --enable-libstdcxx-pch --program-prefix=arm-xilinx-eabi- --without-local-prefix --disable-install-libiberty --disable-libssp --enable-libitm --enable-lto --disable-bootstrap --with-system-zlib --enable-linker-build-id --with-ppl=no --with-cloog=no --enable-checking=release --enable-cheaders=c_global --without-isl --with-gxx-include-dir=/not/exist/usr/include/c++/13.3.0 --with-build-time-tools=/host-native/usr/arm-xilinx-eabi/bin --with-sysroot=/not/exist --with-build-sysroot=/host --with-plugin-ld=ld --enable-poison-system-directories --disable-static --enable-nls --with-glibc-version=2.28 --enable-initfini-array --with-multilib-list=rmprofile --enable-multilib --disable-libstdcxx-pch --with-newlib --disable-threads --enable-plugins --with-gnu-as --disable-libitm --disable-tm-clone-registry --disable-tls --disable-decimal-float --with-sysroot=/not/exist
Thread model: single
Supported LTO compression algorithms: zlib zstd
gcc version 13.3.0 (GCC) 
COLLECT_GCC_OPTIONS='-c' '-fno-openmp' '-fno-openacc' '-fno-pie' '-fcf-protection=none' '-mfloat-abi=hard' '-mfpu=vfpv3-d16'  '-Os' '--sysroot=/home/kai/xilinx/2025.1/Vitis/gnu/armr5/lin/gcc-arm-none-eabi/bin/../armrm-xilinx-eabi' '-mcpu=cortex-r5' '-mfloat-abi=hard' '-mfpu=vfpv3-d16' '-specs=/home/kai/projects/amd/zuboard/vitis_files/pll_connect/zynqmp_fsbl/zynqmp_fsbl_bsp/Xilinx.spec' '-Os' '-ffat-lto-objects' '-v' '-marm'     '-fltrans' '-o' '/tmp/cc3HaC5K.ltrans0.ltrans.o' '-mlibarch=armv7-r+fp+idiv' '-march=armv7-r+fp+idiv'
 /home/kai/xilinx/2025.1/gnu/armr5/lin/gcc-arm-none-eabi/x86_64-oesdk-linux/usr/bin/arm-xilinx-eabi/../../lib/arm-xilinx-eabi/gcc/../../../libexec/arm-xilinx-eabi/gcc/arm-xilinx-eabi/13.3.0/lto1 -quiet -dumpbase ./cmTC_cfe04.ltrans0.ltrans -mfloat-abi=hard -mfpu=vfpv3-d16 -mcpu=cortex-r5 -mfloat-abi=hard -mfpu=vfpv3-d16 -marm -mlibarch=armv7-r+fp+idiv -march=armv7-r+fp+idiv -Os -Os -version -fno-openmp -fno-openacc -fno-pie -fcf-protection=none -ffat-lto-objects -fltrans @/tmp/ccH3HB7p -o /tmp/ccpaH2oq.s
GNU GIMPLE (GCC) version 13.3.0 (arm-xilinx-eabi)
	compiled by GNU C version 13.3.0, GMP version 6.3.0, MPFR version 4.2.1, MPC version 1.3.1, isl version none
GGC heuristics: --param ggc-min-expand=100 --param ggc-min-heapsize=131072
COLLECT_GCC_OPTIONS='-c' '-fno-openmp' '-fno-openacc' '-fno-pie' '-fcf-protection=none' '-mfloat-abi=hard' '-mfpu=vfpv3-d16'  '-Os' '--sysroot=/home/kai/xilinx/2025.1/Vitis/gnu/armr5/lin/gcc-arm-none-eabi/bin/../armrm-xilinx-eabi' '-mcpu=cortex-r5' '-mfloat-abi=hard' '-mfpu=vfpv3-d16' '-specs=/home/kai/projects/amd/zuboard/vitis_files/pll_connect/zynqmp_fsbl/zynqmp_fsbl_bsp/Xilinx.spec' '-Os' '-ffat-lto-objects' '-v' '-marm'     '-fltrans' '-o' '/tmp/cc3HaC5K.ltrans0.ltrans.o' '-mlibarch=armv7-r+fp+idiv' '-march=armv7-r+fp+idiv'
 /home/kai/xilinx/2025.1/gnu/armr5/lin/gcc-arm-none-eabi/x86_64-oesdk-linux/usr/bin/arm-xilinx-eabi/../../lib/arm-xilinx-eabi/gcc/../../../libexec/arm-xilinx-eabi/gcc/arm-xilinx-eabi/13.3.0/as -v -march=armv7-r+fp+idiv -mfloat-abi=hard -mfloat-abi=hard -mfpu=vfpv3-d16 -mfpu=vfpv3-d16 -meabi=5 -o /tmp/cc3HaC5K.ltrans0.ltrans.o /tmp/ccpaH2oq.s
GNU assembler version 2.42.0 (arm-xilinx-eabi) using BFD version (GNU Binutils) 2.42.0.20240723
COMPILER_PATH=/home/kai/xilinx/2025.1/gnu/armr5/lin/gcc-arm-none-eabi/x86_64-oesdk-linux/usr/bin/arm-xilinx-eabi/../../lib/arm-xilinx-eabi/gcc/../../../libexec/arm-xilinx-eabi/gcc/arm-xilinx-eabi/13.3.0/:/home/kai/xilinx/2025.1/gnu/armr5/lin/gcc-arm-none-eabi/x86_64-oesdk-linux/usr/bin/arm-xilinx-eabi/../../lib/arm-xilinx-eabi/gcc/../../../libexec/arm-xilinx-eabi/gcc/:/home/kai/xilinx/2025.1/gnu/armr5/lin/gcc-arm-none-eabi/x86_64-oesdk-linux/usr/bin/arm-xilinx-eabi/../../libexec/arm-xilinx-eabi/gcc/arm-xilinx-eabi/13.3.0/:/home/kai/xilinx/2025.1/gnu/armr5/lin/gcc-arm-none-eabi/x86_64-oesdk-linux/usr/bin/arm-xilinx-eabi/../../libexec/arm-xilinx-eabi/gcc/arm-xilinx-eabi/13.3.0/:/home/kai/xilinx/2025.1/gnu/armr5/lin/gcc-arm-none-eabi/x86_64-oesdk-linux/usr/bin/arm-xilinx-eabi/../../libexec/arm-xilinx-eabi/gcc/
LIBRARY_PATH=/home/kai/xilinx/2025.1/Vitis/gnu/armr5/lin/gcc-arm-none-eabi/bin/../armrm-xilinx-eabi/usr/lib/thumb/v7+fp/hard/:/home/kai/xilinx/2025.1/gnu/armr5/lin/gcc-arm-none-eabi/x86_64-oesdk-linux/usr/bin/arm-xilinx-eabi/../../lib/arm-xilinx-eabi/gcc/arm-xilinx-eabi/13.3.0/:/home/kai/xilinx/2025.1/gnu/armr5/lin/gcc-arm-none-eabi/x86_64-oesdk-linux/usr/bin/arm-xilinx-eabi/../../lib/arm-xilinx-eabi/gcc/:/home/kai/xilinx/2025.1/Vitis/gnu/armr5/lin/gcc-arm-none-eabi/bin/../armrm-xilinx-eabi/usr/lib/arm-xilinx-eabi/13.3.0/:/home/kai/xilinx/2025.1/Vitis/gnu/armr5/lin/gcc-arm-none-eabi/bin/../armrm-xilinx-eabi/usr/lib/
COLLECT_GCC_OPTIONS='-c' '-fno-openmp' '-fno-openacc' '-fno-pie' '-fcf-protection=none' '-mfloat-abi=hard' '-mfpu=vfpv3-d16'  '-Os' '--sysroot=/home/kai/xilinx/2025.1/Vitis/gnu/armr5/lin/gcc-arm-none-eabi/bin/../armrm-xilinx-eabi' '-mcpu=cortex-r5' '-mfloat-abi=hard' '-mfpu=vfpv3-d16' '-specs=/home/kai/projects/amd/zuboard/vitis_files/pll_connect/zynqmp_fsbl/zynqmp_fsbl_bsp/Xilinx.spec' '-Os' '-ffat-lto-objects' '-v' '-marm'     '-fltrans' '-o' '/tmp/cc3HaC5K.ltrans0.ltrans.o' '-mlibarch=armv7-r+fp+idiv' '-march=armv7-r+fp+idiv' '-dumpdir' './cmTC_cfe04.ltrans0.ltrans.'
/home/kai/xilinx/2025.1/gnu/armr5/lin/gcc-arm-none-eabi/x86_64-oesdk-linux/usr/bin/arm-xilinx-eabi/arm-xilinx-eabi-ld.real: warning: cannot find entry symbol _start; defaulting to 00008030
COLLECT_GCC_OPTIONS='--sysroot=/home/kai/xilinx/2025.1/Vitis/gnu/armr5/lin/gcc-arm-none-eabi/bin/../armrm-xilinx-eabi' '-D' 'SDT' '-mcpu=cortex-r5' '-mfloat-abi=hard' '-mfpu=vfpv3-d16' '-D' 'ARMR5' '-MMD' '-MP' '-specs=/home/kai/projects/amd/zuboard/vitis_files/pll_connect/zynqmp_fsbl/zynqmp_fsbl_bsp/Xilinx.spec' '-Os' '-flto' '-ffat-lto-objects' '-D' 'ARMR5' '-I' '/home/kai/projects/amd/zuboard/vitis_files/pll_connect/zynqmp_fsbl/zynqmp_fsbl_bsp/include' '-v' '-o' 'cmTC_cfe04' '-marm' '-mlibarch=armv7-r+fp+idiv' '-march=armv7-r+fp+idiv' '-dumpdir' 'cmTC_cfe04.'



Parsed CXX implicit include dir info from above output: rv=done
  found start of include info
  found start of implicit include info
    add: [/home/kai/projects/amd/zuboard/vitis_files/pll_connect/zynqmp_fsbl/zynqmp_fsbl_bsp/include]
    add: [/home/kai/xilinx/2025.1/gnu/armr5/lin/gcc-arm-none-eabi/x86_64-oesdk-linux/usr/bin/arm-xilinx-eabi/../../lib/arm-xilinx-eabi/gcc/arm-xilinx-eabi/13.3.0/include]
    add: [/home/kai/xilinx/2025.1/gnu/armr5/lin/gcc-arm-none-eabi/x86_64-oesdk-linux/usr/bin/arm-xilinx-eabi/../../lib/arm-xilinx-eabi/gcc/arm-xilinx-eabi/13.3.0/include-fixed]
    add: [/home/kai/xilinx/2025.1/Vitis/gnu/armr5/lin/gcc-arm-none-eabi/bin/../armrm-xilinx-eabi/usr/include/c++/13.3.0]
    add: [/home/kai/xilinx/2025.1/Vitis/gnu/armr5/lin/gcc-arm-none-eabi/bin/../armrm-xilinx-eabi/usr/include/c++/13.3.0/arm-xilinx-eabi/thumb/v7+fp/hard]
    add: [/home/kai/xilinx/2025.1/Vitis/gnu/armr5/lin/gcc-arm-none-eabi/bin/../armrm-xilinx-eabi/usr/include/c++/13.3.0/backward]
    add: [/home/kai/xilinx/2025.1/Vitis/gnu/armr5/lin/gcc-arm-none-eabi/bin/../armrm-xilinx-eabi/usr/include/]
  end of search list found
  collapse include dir [/home/kai/projects/amd/zuboard/vitis_files/pll_connect/zynqmp_fsbl/zynqmp_fsbl_bsp/include] ==> [/home/kai/projects/amd/zuboard/vitis_files/pll_connect/zynqmp_fsbl/zynqmp_fsbl_bsp/include]
  collapse include dir [/home/kai/xilinx/2025.1/gnu/armr5/lin/gcc-arm-none-eabi/x86_64-oesdk-linux/usr/bin/arm-xilinx-eabi/../../lib/arm-xilinx-eabi/gcc/arm-xilinx-eabi/13.3.0/include] ==> [/home/kai/xilinx/2025.1/gnu/armr5/lin/gcc-arm-none-eabi/x86_64-oesdk-linux/usr/lib/arm-xilinx-eabi/gcc/arm-xilinx-eabi/13.3.0/include]
  collapse include dir [/home/kai/xilinx/2025.1/gnu/armr5/lin/gcc-arm-none-eabi/x86_64-oesdk-linux/usr/bin/arm-xilinx-eabi/../../lib/arm-xilinx-eabi/gcc/arm-xilinx-eabi/13.3.0/include-fixed] ==> [/home/kai/xilinx/2025.1/gnu/armr5/lin/gcc-arm-none-eabi/x86_64-oesdk-linux/usr/lib/arm-xilinx-eabi/gcc/arm-xilinx-eabi/13.3.0/include-fixed]
  collapse include dir [/home/kai/xilinx/2025.1/Vitis/gnu/armr5/lin/gcc-arm-none-eabi/bin/../armrm-xilinx-eabi/usr/include/c++/13.3.0] ==> [/home/kai/xilinx/2025.1/Vitis/gnu/armr5/lin/gcc-arm-none-eabi/armrm-xilinx-eabi/usr/include/c++/13.3.0]
  collapse include dir [/home/kai/xilinx/2025.1/Vitis/gnu/armr5/lin/gcc-arm-none-eabi/bin/../armrm-xilinx-eabi/usr/include/c++/13.3.0/arm-xilinx-eabi/thumb/v7+fp/hard] ==> [/home/kai/xilinx/2025.1/Vitis/gnu/armr5/lin/gcc-arm-none-eabi/armrm-xilinx-eabi/usr/include/c++/13.3.0/arm-xilinx-eabi/thumb/v7+fp/hard]
  collapse include dir [/home/kai/xilinx/2025.1/Vitis/gnu/armr5/lin/gcc-arm-none-eabi/bin/../armrm-xilinx-eabi/usr/include/c++/13.3.0/backward] ==> [/home/kai/xilinx/2025.1/Vitis/gnu/armr5/lin/gcc-arm-none-eabi/armrm-xilinx-eabi/usr/include/c++/13.3.0/backward]
  collapse include dir [/home/kai/xilinx/2025.1/Vitis/gnu/armr5/lin/gcc-arm-none-eabi/bin/../armrm-xilinx-eabi/usr/include/] ==> [/home/kai/xilinx/2025.1/Vitis/gnu/armr5/lin/gcc-arm-none-eabi/armrm-xilinx-eabi/usr/include]
  implicit include dirs: [/home/kai/projects/amd/zuboard/vitis_files/pll_connect/zynqmp_fsbl/zynqmp_fsbl_bsp/include;/home/kai/xilinx/2025.1/gnu/armr5/lin/gcc-arm-none-eabi/x86_64-oesdk-linux/usr/lib/arm-xilinx-eabi/gcc/arm-xilinx-eabi/13.3.0/include;/home/kai/xilinx/2025.1/gnu/armr5/lin/gcc-arm-none-eabi/x86_64-oesdk-linux/usr/lib/arm-xilinx-eabi/gcc/arm-xilinx-eabi/13.3.0/include-fixed;/home/kai/xilinx/2025.1/Vitis/gnu/armr5/lin/gcc-arm-none-eabi/armrm-xilinx-eabi/usr/include/c++/13.3.0;/home/kai/xilinx/2025.1/Vitis/gnu/armr5/lin/gcc-arm-none-eabi/armrm-xilinx-eabi/usr/include/c++/13.3.0/arm-xilinx-eabi/thumb/v7+fp/hard;/home/kai/xilinx/2025.1/Vitis/gnu/armr5/lin/gcc-arm-none-eabi/armrm-xilinx-eabi/usr/include/c++/13.3.0/backward;/home/kai/xilinx/2025.1/Vitis/gnu/armr5/lin/gcc-arm-none-eabi/armrm-xilinx-eabi/usr/include]


Parsed CXX implicit link information from above output:
  link line regex: [^( *|.*[/\])(armr5-none-eabi-ld|CMAKE_LINK_STARTFILE-NOTFOUND|([^/\]+-)?ld|collect2)[^/\]*( |$)]
  ignore line: [Change Dir: /home/kai/projects/amd/zuboard/vitis_files/pll_connect/zynqmp_fsbl/zynqmp_fsbl_bsp/libsrc/build_configs/gen_bsp/CMakeFiles/CMakeTmp]
  ignore line: []
  ignore line: [Run Build Command(s):/home/kai/xilinx/2025.1/Vitis/bin/ninja cmTC_cfe04 && [1/2] Building CXX object CMakeFiles/cmTC_cfe04.dir/CMakeCXXCompilerABI.cpp.obj]
  ignore line: [Using built-in specs.]
  ignore line: [Reading specs from /home/kai/projects/amd/zuboard/vitis_files/pll_connect/zynqmp_fsbl/zynqmp_fsbl_bsp/Xilinx.spec]
  ignore line: [COLLECT_GCC=/home/kai/xilinx/2025.1/Vitis/gnu/armr5/lin/gcc-arm-none-eabi/bin/../x86_64-oesdk-linux/usr/bin/arm-xilinx-eabi/arm-xilinx-eabi-g++.real]
  ignore line: [Target: arm-xilinx-eabi]
  ignore line: [Configured with: ../../../../../../work-shared/gcc-13.3.0-r0/gcc-13.3.0/configure --build=x86_64-linux --host=x86_64-oesdk-linux --target=arm-xilinx-eabi --prefix=/usr/local/oe-sdk-hardcoded-buildpath/sysroots/x86_64-oesdk-linux/usr --exec_prefix=/usr/local/oe-sdk-hardcoded-buildpath/sysroots/x86_64-oesdk-linux/usr --bindir=/usr/local/oe-sdk-hardcoded-buildpath/sysroots/x86_64-oesdk-linux/usr/bin/arm-xilinx-eabi --sbindir=/usr/local/oe-sdk-hardcoded-buildpath/sysroots/x86_64-oesdk-linux/usr/bin/arm-xilinx-eabi --libexecdir=/usr/local/oe-sdk-hardcoded-buildpath/sysroots/x86_64-oesdk-linux/usr/libexec/arm-xilinx-eabi --datadir=/usr/local/oe-sdk-hardcoded-buildpath/sysroots/x86_64-oesdk-linux/usr/share --sysconfdir=/usr/local/oe-sdk-hardcoded-buildpath/sysroots/x86_64-oesdk-linux/etc --sharedstatedir=/usr/local/oe-sdk-hardcoded-buildpath/sysroots/x86_64-oesdk-linux/com --localstatedir=/usr/local/oe-sdk-hardcoded-buildpath/sysroots/x86_64-oesdk-linux/var --libdir=/usr/local/oe-sdk-hardcoded-buildpath/sysroots/x86_64-oesdk-linux/usr/lib/arm-xilinx-eabi --includedir=/usr/local/oe-sdk-hardcoded-buildpath/sysroots/x86_64-oesdk-linux/usr/include --oldincludedir=/usr/local/oe-sdk-hardcoded-buildpath/sysroots/x86_64-oesdk-linux/usr/include --infodir=/usr/local/oe-sdk-hardcoded-buildpath/sysroots/x86_64-oesdk-linux/usr/share/info --mandir=/usr/local/oe-sdk-hardcoded-buildpath/sysroots/x86_64-oesdk-linux/usr/share/man --disable-silent-rules --disable-dependency-tracking --with-libtool-sysroot=/host --with-gnu-ld --enable-shared --enable-languages=c,c++,fortran --enable-threads=posix --enable-multilib --enable-c99 --enable-long-long --enable-libstdcxx-pch --program-prefix=arm-xilinx-eabi- --without-local-prefix --disable-install-libiberty --disable-libssp --enable-libitm --enable-lto --disable-bootstrap --with-system-zlib --enable-linker-build-id --with-ppl=no --with-cloog=no --enable-checking=release --enable-cheaders=c_global --without-isl --with-gxx-include-dir=/not/exist/usr/include/c++/13.3.0 --with-build-time-tools=/host-native/usr/arm-xilinx-eabi/bin --with-sysroot=/not/exist --with-build-sysroot=/host --with-plugin-ld=ld --enable-poison-system-directories --disable-static --enable-nls --with-glibc-version=2.28 --enable-initfini-array --with-multilib-list=rmprofile --enable-multilib --disable-libstdcxx-pch --with-newlib --disable-threads --enable-plugins --with-gnu-as --disable-libitm --disable-tm-clone-registry --disable-tls --disable-decimal-float --with-sysroot=/not/exist]
  ignore line: [Thread model: single]
  ignore line: [Supported LTO compression algorithms: zlib zstd]
  ignore line: [gcc version 13.3.0 (GCC) ]
  ignore line: [COLLECT_GCC_OPTIONS='--sysroot=/home/kai/xilinx/2025.1/Vitis/gnu/armr5/lin/gcc-arm-none-eabi/bin/../armrm-xilinx-eabi' '-D' 'SDT' '-mcpu=cortex-r5' '-mfloat-abi=hard' '-mfpu=vfpv3-d16' '-D' 'ARMR5' '-MMD' '-MP' '-specs=/home/kai/projects/amd/zuboard/vitis_files/pll_connect/zynqmp_fsbl/zynqmp_fsbl_bsp/Xilinx.spec' '-Os' '-flto' '-ffat-lto-objects' '-D' 'ARMR5' '-I' '/home/kai/projects/amd/zuboard/vitis_files/pll_connect/zynqmp_fsbl/zynqmp_fsbl_bsp/include' '-v' '-o' 'CMakeFiles/cmTC_cfe04.dir/CMakeCXXCompilerABI.cpp.obj' '-c' '-marm' '-mlibarch=armv7-r+fp+idiv' '-march=armv7-r+fp+idiv' '-dumpdir' 'CMakeFiles/cmTC_cfe04.dir/']
  ignore line: [ /home/kai/xilinx/2025.1/gnu/armr5/lin/gcc-arm-none-eabi/x86_64-oesdk-linux/usr/bin/arm-xilinx-eabi/../../libexec/arm-xilinx-eabi/gcc/arm-xilinx-eabi/13.3.0/cc1plus -quiet -v -I /home/kai/projects/amd/zuboard/vitis_files/pll_connect/zynqmp_fsbl/zynqmp_fsbl_bsp/include -imultilib thumb/v7+fp/hard -iprefix /home/kai/xilinx/2025.1/gnu/armr5/lin/gcc-arm-none-eabi/x86_64-oesdk-linux/usr/bin/arm-xilinx-eabi/../../lib/arm-xilinx-eabi/gcc/arm-xilinx-eabi/13.3.0/ -isysroot /home/kai/xilinx/2025.1/Vitis/gnu/armr5/lin/gcc-arm-none-eabi/bin/../armrm-xilinx-eabi -MMD CMakeFiles/cmTC_cfe04.dir/CMakeCXXCompilerABI.cpp.d -MP -MQ CMakeFiles/cmTC_cfe04.dir/CMakeCXXCompilerABI.cpp.obj -D__USES_INITFINI__ -D SDT -D ARMR5 -D ARMR5 /home/kai/xilinx/2025.1/tps/lnx64/cmake-3.24.2/share/cmake-3.24/Modules/CMakeCXXCompilerABI.cpp -quiet -dumpdir CMakeFiles/cmTC_cfe04.dir/ -dumpbase CMakeCXXCompilerABI.cpp.cpp -dumpbase-ext .cpp -mcpu=cortex-r5 -mfloat-abi=hard -mfpu=vfpv3-d16 -marm -mlibarch=armv7-r+fp+idiv -march=armv7-r+fp+idiv -Os -version -flto -ffat-lto-objects -o /tmp/ccgZiGY0.s]
  ignore line: [GNU C++17 (GCC) version 13.3.0 (arm-xilinx-eabi)]
  ignore line: [	compiled by GNU C version 13.3.0  GMP version 6.3.0  MPFR version 4.2.1  MPC version 1.3.1  isl version none]
  ignore line: [GGC heuristics: --param ggc-min-expand=100 --param ggc-min-heapsize=131072]
  ignore line: [ignoring nonexistent directory "/home/kai/xilinx/2025.1/gnu/armr5/lin/gcc-arm-none-eabi/x86_64-oesdk-linux/usr/bin/arm-xilinx-eabi/../../lib/arm-xilinx-eabi/gcc/arm-xilinx-eabi/13.3.0/../../../../../arm-xilinx-eabi/include"]
  ignore line: [ignoring duplicate directory "/home/kai/xilinx/2025.1/gnu/armr5/lin/gcc-arm-none-eabi/x86_64-oesdk-linux/usr/bin/arm-xilinx-eabi/../../lib/arm-xilinx-eabi/gcc/../../../lib/arm-xilinx-eabi/gcc/arm-xilinx-eabi/13.3.0/include"]
  ignore line: [ignoring nonexistent directory "/home/kai/xilinx/2025.1/Vitis/gnu/armr5/lin/gcc-arm-none-eabi/bin/../armrm-xilinx-eabi/usr/lib/arm-xilinx-eabi/13.3.0/include"]
  ignore line: [ignoring nonexistent directory "/home/kai/xilinx/2025.1/Vitis/gnu/armr5/lin/gcc-arm-none-eabi/bin/../armrm-xilinx-eabi/usr/local/include"]
  ignore line: [ignoring duplicate directory "/home/kai/xilinx/2025.1/gnu/armr5/lin/gcc-arm-none-eabi/x86_64-oesdk-linux/usr/bin/arm-xilinx-eabi/../../lib/arm-xilinx-eabi/gcc/../../../lib/arm-xilinx-eabi/gcc/arm-xilinx-eabi/13.3.0/include-fixed"]
  ignore line: [ignoring nonexistent directory "/home/kai/xilinx/2025.1/gnu/armr5/lin/gcc-arm-none-eabi/x86_64-oesdk-linux/usr/bin/arm-xilinx-eabi/../../lib/arm-xilinx-eabi/gcc/../../../lib/arm-xilinx-eabi/gcc/arm-xilinx-eabi/13.3.0/../../../../../arm-xilinx-eabi/include"]
  ignore line: [#include "..." search starts here:]
  ignore line: [#include <...> search starts here:]
  ignore line: [ /home/kai/projects/amd/zuboard/vitis_files/pll_connect/zynqmp_fsbl/zynqmp_fsbl_bsp/include]
  ignore line: [ /home/kai/xilinx/2025.1/gnu/armr5/lin/gcc-arm-none-eabi/x86_64-oesdk-linux/usr/bin/arm-xilinx-eabi/../../lib/arm-xilinx-eabi/gcc/arm-xilinx-eabi/13.3.0/include]
  ignore line: [ /home/kai/xilinx/2025.1/gnu/armr5/lin/gcc-arm-none-eabi/x86_64-oesdk-linux/usr/bin/arm-xilinx-eabi/../../lib/arm-xilinx-eabi/gcc/arm-xilinx-eabi/13.3.0/include-fixed]
  ignore line: [ /home/kai/xilinx/2025.1/Vitis/gnu/armr5/lin/gcc-arm-none-eabi/bin/../armrm-xilinx-eabi/usr/include/c++/13.3.0]
  ignore line: [ /home/kai/xilinx/2025.1/Vitis/gnu/armr5/lin/gcc-arm-none-eabi/bin/../armrm-xilinx-eabi/usr/include/c++/13.3.0/arm-xilinx-eabi/thumb/v7+fp/hard]
  ignore line: [ /home/kai/xilinx/2025.1/Vitis/gnu/armr5/lin/gcc-arm-none-eabi/bin/../armrm-xilinx-eabi/usr/include/c++/13.3.0/backward]
  ignore line: [ /home/kai/xilinx/2025.1/Vitis/gnu/armr5/lin/gcc-arm-none-eabi/bin/../armrm-xilinx-eabi/usr/include/]
  ignore line: [End of search list.]
  ignore line: [Compiler executable checksum: a74f8ee75b8b2218ec7512a5fbcfac40]
  ignore line: [COLLECT_GCC_OPTIONS='--sysroot=/home/kai/xilinx/2025.1/Vitis/gnu/armr5/lin/gcc-arm-none-eabi/bin/../armrm-xilinx-eabi' '-D' 'SDT' '-mcpu=cortex-r5' '-mfloat-abi=hard' '-mfpu=vfpv3-d16' '-D' 'ARMR5' '-MMD' '-MP' '-specs=/home/kai/projects/amd/zuboard/vitis_files/pll_connect/zynqmp_fsbl/zynqmp_fsbl_bsp/Xilinx.spec' '-Os' '-flto' '-ffat-lto-objects' '-D' 'ARMR5' '-I' '/home/kai/projects/amd/zuboard/vitis_files/pll_connect/zynqmp_fsbl/zynqmp_fsbl_bsp/include' '-v' '-o' 'CMakeFiles/cmTC_cfe04.dir/CMakeCXXCompilerABI.cpp.obj' '-c' '-marm' '-mlibarch=armv7-r+fp+idiv' '-march=armv7-r+fp+idiv' '-dumpdir' 'CMakeFiles/cmTC_cfe04.dir/']
  ignore line: [ /home/kai/xilinx/2025.1/gnu/armr5/lin/gcc-arm-none-eabi/x86_64-oesdk-linux/usr/bin/arm-xilinx-eabi/../../libexec/arm-xilinx-eabi/gcc/arm-xilinx-eabi/13.3.0/as -v -I /home/kai/projects/amd/zuboard/vitis_files/pll_connect/zynqmp_fsbl/zynqmp_fsbl_bsp/include -march=armv7-r+fp+idiv -mfloat-abi=hard -mfpu=vfpv3-d16 -meabi=5 -o CMakeFiles/cmTC_cfe04.dir/CMakeCXXCompilerABI.cpp.obj /tmp/ccgZiGY0.s]
  ignore line: [GNU assembler version 2.42.0 (arm-xilinx-eabi) using BFD version (GNU Binutils) 2.42.0.20240723]
  ignore line: [COMPILER_PATH=/home/kai/xilinx/2025.1/gnu/armr5/lin/gcc-arm-none-eabi/x86_64-oesdk-linux/usr/bin/arm-xilinx-eabi/../../libexec/arm-xilinx-eabi/gcc/arm-xilinx-eabi/13.3.0/:/home/kai/xilinx/2025.1/gnu/armr5/lin/gcc-arm-none-eabi/x86_64-oesdk-linux/usr/bin/arm-xilinx-eabi/../../libexec/arm-xilinx-eabi/gcc/]
  ignore line: [LIBRARY_PATH=/home/kai/xilinx/2025.1/Vitis/gnu/armr5/lin/gcc-arm-none-eabi/bin/../armrm-xilinx-eabi/usr/lib/thumb/v7+fp/hard/:/home/kai/xilinx/2025.1/gnu/armr5/lin/gcc-arm-none-eabi/x86_64-oesdk-linux/usr/bin/arm-xilinx-eabi/../../lib/arm-xilinx-eabi/gcc/arm-xilinx-eabi/13.3.0/:/home/kai/xilinx/2025.1/gnu/armr5/lin/gcc-arm-none-eabi/x86_64-oesdk-linux/usr/bin/arm-xilinx-eabi/../../lib/arm-xilinx-eabi/gcc/:/home/kai/xilinx/2025.1/Vitis/gnu/armr5/lin/gcc-arm-none-eabi/bin/../armrm-xilinx-eabi/usr/lib/arm-xilinx-eabi/13.3.0/:/home/kai/xilinx/2025.1/Vitis/gnu/armr5/lin/gcc-arm-none-eabi/bin/../armrm-xilinx-eabi/usr/lib/]
  ignore line: [COLLECT_GCC_OPTIONS='--sysroot=/home/kai/xilinx/2025.1/Vitis/gnu/armr5/lin/gcc-arm-none-eabi/bin/../armrm-xilinx-eabi' '-D' 'SDT' '-mcpu=cortex-r5' '-mfloat-abi=hard' '-mfpu=vfpv3-d16' '-D' 'ARMR5' '-MMD' '-MP' '-specs=/home/kai/projects/amd/zuboard/vitis_files/pll_connect/zynqmp_fsbl/zynqmp_fsbl_bsp/Xilinx.spec' '-Os' '-flto' '-ffat-lto-objects' '-D' 'ARMR5' '-I' '/home/kai/projects/amd/zuboard/vitis_files/pll_connect/zynqmp_fsbl/zynqmp_fsbl_bsp/include' '-v' '-o' 'CMakeFiles/cmTC_cfe04.dir/CMakeCXXCompilerABI.cpp.obj' '-c' '-marm' '-mlibarch=armv7-r+fp+idiv' '-march=armv7-r+fp+idiv' '-dumpdir' 'CMakeFiles/cmTC_cfe04.dir/CMakeCXXCompilerABI.cpp.']
  ignore line: [[2/2] Linking CXX executable cmTC_cfe04]
  ignore line: [Using built-in specs.]
  ignore line: [Reading specs from /home/kai/projects/amd/zuboard/vitis_files/pll_connect/zynqmp_fsbl/zynqmp_fsbl_bsp/Xilinx.spec]
  ignore line: [COLLECT_GCC=/home/kai/xilinx/2025.1/Vitis/gnu/armr5/lin/gcc-arm-none-eabi/bin/../x86_64-oesdk-linux/usr/bin/arm-xilinx-eabi/arm-xilinx-eabi-g++.real]
  ignore line: [COLLECT_LTO_WRAPPER=/home/kai/xilinx/2025.1/gnu/armr5/lin/gcc-arm-none-eabi/x86_64-oesdk-linux/usr/bin/arm-xilinx-eabi/../../libexec/arm-xilinx-eabi/gcc/arm-xilinx-eabi/13.3.0/lto-wrapper]
  ignore line: [Target: arm-xilinx-eabi]
  ignore line: [Configured with: ../../../../../../work-shared/gcc-13.3.0-r0/gcc-13.3.0/configure --build=x86_64-linux --host=x86_64-oesdk-linux --target=arm-xilinx-eabi --prefix=/usr/local/oe-sdk-hardcoded-buildpath/sysroots/x86_64-oesdk-linux/usr --exec_prefix=/usr/local/oe-sdk-hardcoded-buildpath/sysroots/x86_64-oesdk-linux/usr --bindir=/usr/local/oe-sdk-hardcoded-buildpath/sysroots/x86_64-oesdk-linux/usr/bin/arm-xilinx-eabi --sbindir=/usr/local/oe-sdk-hardcoded-buildpath/sysroots/x86_64-oesdk-linux/usr/bin/arm-xilinx-eabi --libexecdir=/usr/local/oe-sdk-hardcoded-buildpath/sysroots/x86_64-oesdk-linux/usr/libexec/arm-xilinx-eabi --datadir=/usr/local/oe-sdk-hardcoded-buildpath/sysroots/x86_64-oesdk-linux/usr/share --sysconfdir=/usr/local/oe-sdk-hardcoded-buildpath/sysroots/x86_64-oesdk-linux/etc --sharedstatedir=/usr/local/oe-sdk-hardcoded-buildpath/sysroots/x86_64-oesdk-linux/com --localstatedir=/usr/local/oe-sdk-hardcoded-buildpath/sysroots/x86_64-oesdk-linux/var --libdir=/usr/local/oe-sdk-hardcoded-buildpath/sysroots/x86_64-oesdk-linux/usr/lib/arm-xilinx-eabi --includedir=/usr/local/oe-sdk-hardcoded-buildpath/sysroots/x86_64-oesdk-linux/usr/include --oldincludedir=/usr/local/oe-sdk-hardcoded-buildpath/sysroots/x86_64-oesdk-linux/usr/include --infodir=/usr/local/oe-sdk-hardcoded-buildpath/sysroots/x86_64-oesdk-linux/usr/share/info --mandir=/usr/local/oe-sdk-hardcoded-buildpath/sysroots/x86_64-oesdk-linux/usr/share/man --disable-silent-rules --disable-dependency-tracking --with-libtool-sysroot=/host --with-gnu-ld --enable-shared --enable-languages=c,c++,fortran --enable-threads=posix --enable-multilib --enable-c99 --enable-long-long --enable-libstdcxx-pch --program-prefix=arm-xilinx-eabi- --without-local-prefix --disable-install-libiberty --disable-libssp --enable-libitm --enable-lto --disable-bootstrap --with-system-zlib --enable-linker-build-id --with-ppl=no --with-cloog=no --enable-checking=release --enable-cheaders=c_global --without-isl --with-gxx-include-dir=/not/exist/usr/include/c++/13.3.0 --with-build-time-tools=/host-native/usr/arm-xilinx-eabi/bin --with-sysroot=/not/exist --with-build-sysroot=/host --with-plugin-ld=ld --enable-poison-system-directories --disable-static --enable-nls --with-glibc-version=2.28 --enable-initfini-array --with-multilib-list=rmprofile --enable-multilib --disable-libstdcxx-pch --with-newlib --disable-threads --enable-plugins --with-gnu-as --disable-libitm --disable-tm-clone-registry --disable-tls --disable-decimal-float --with-sysroot=/not/exist]
  ignore line: [Thread model: single]
  ignore line: [Supported LTO compression algorithms: zlib zstd]
  ignore line: [gcc version 13.3.0 (GCC) ]
  ignore line: [COMPILER_PATH=/home/kai/xilinx/2025.1/gnu/armr5/lin/gcc-arm-none-eabi/x86_64-oesdk-linux/usr/bin/arm-xilinx-eabi/../../libexec/arm-xilinx-eabi/gcc/arm-xilinx-eabi/13.3.0/:/home/kai/xilinx/2025.1/gnu/armr5/lin/gcc-arm-none-eabi/x86_64-oesdk-linux/usr/bin/arm-xilinx-eabi/../../libexec/arm-xilinx-eabi/gcc/]
  ignore line: [LIBRARY_PATH=/home/kai/xilinx/2025.1/Vitis/gnu/armr5/lin/gcc-arm-none-eabi/bin/../armrm-xilinx-eabi/usr/lib/thumb/v7+fp/hard/:/home/kai/xilinx/2025.1/gnu/armr5/lin/gcc-arm-none-eabi/x86_64-oesdk-linux/usr/bin/arm-xilinx-eabi/../../lib/arm-xilinx-eabi/gcc/arm-xilinx-eabi/13.3.0/:/home/kai/xilinx/2025.1/gnu/armr5/lin/gcc-arm-none-eabi/x86_64-oesdk-linux/usr/bin/arm-xilinx-eabi/../../lib/arm-xilinx-eabi/gcc/:/home/kai/xilinx/2025.1/Vitis/gnu/armr5/lin/gcc-arm-none-eabi/bin/../armrm-xilinx-eabi/usr/lib/arm-xilinx-eabi/13.3.0/:/home/kai/xilinx/2025.1/Vitis/gnu/armr5/lin/gcc-arm-none-eabi/bin/../armrm-xilinx-eabi/usr/lib/]
  ignore line: [COLLECT_GCC_OPTIONS='--sysroot=/home/kai/xilinx/2025.1/Vitis/gnu/armr5/lin/gcc-arm-none-eabi/bin/../armrm-xilinx-eabi' '-D' 'SDT' '-mcpu=cortex-r5' '-mfloat-abi=hard' '-mfpu=vfpv3-d16' '-D' 'ARMR5' '-MMD' '-MP' '-specs=/home/kai/projects/amd/zuboard/vitis_files/pll_connect/zynqmp_fsbl/zynqmp_fsbl_bsp/Xilinx.spec' '-Os' '-flto' '-ffat-lto-objects' '-D' 'ARMR5' '-I' '/home/kai/projects/amd/zuboard/vitis_files/pll_connect/zynqmp_fsbl/zynqmp_fsbl_bsp/include' '-v' '-o' 'cmTC_cfe04' '-marm' '-mlibarch=armv7-r+fp+idiv' '-march=armv7-r+fp+idiv' '-dumpdir' 'cmTC_cfe04.']
  link line: [ /home/kai/xilinx/2025.1/gnu/armr5/lin/gcc-arm-none-eabi/x86_64-oesdk-linux/usr/bin/arm-xilinx-eabi/../../libexec/arm-xilinx-eabi/gcc/arm-xilinx-eabi/13.3.0/collect2 -plugin /home/kai/xilinx/2025.1/gnu/armr5/lin/gcc-arm-none-eabi/x86_64-oesdk-linux/usr/bin/arm-xilinx-eabi/../../libexec/arm-xilinx-eabi/gcc/arm-xilinx-eabi/13.3.0/liblto_plugin.so -plugin-opt=/home/kai/xilinx/2025.1/gnu/armr5/lin/gcc-arm-none-eabi/x86_64-oesdk-linux/usr/bin/arm-xilinx-eabi/../../libexec/arm-xilinx-eabi/gcc/arm-xilinx-eabi/13.3.0/lto-wrapper -plugin-opt=-fresolution=/tmp/ccLKFJip.res -plugin-opt=-pass-through=-lgcc -plugin-opt=-pass-through=-lc -flto --sysroot=/home/kai/xilinx/2025.1/Vitis/gnu/armr5/lin/gcc-arm-none-eabi/bin/../armrm-xilinx-eabi --build-id -X -o cmTC_cfe04 /home/kai/xilinx/2025.1/Vitis/gnu/armr5/lin/gcc-arm-none-eabi/bin/../armrm-xilinx-eabi/usr/lib/thumb/v7+fp/hard/crti.o /home/kai/xilinx/2025.1/Vitis/gnu/armr5/lin/gcc-arm-none-eabi/bin/../armrm-xilinx-eabi/usr/lib/thumb/v7+fp/hard/crtbegin.o -L/home/kai/xilinx/2025.1/Vitis/gnu/armr5/lin/gcc-arm-none-eabi/bin/../armrm-xilinx-eabi/usr/lib/thumb/v7+fp/hard -L/home/kai/xilinx/2025.1/gnu/armr5/lin/gcc-arm-none-eabi/x86_64-oesdk-linux/usr/bin/arm-xilinx-eabi/../../lib/arm-xilinx-eabi/gcc/arm-xilinx-eabi/13.3.0 -L/home/kai/xilinx/2025.1/gnu/armr5/lin/gcc-arm-none-eabi/x86_64-oesdk-linux/usr/bin/arm-xilinx-eabi/../../lib/arm-xilinx-eabi/gcc -L/home/kai/xilinx/2025.1/Vitis/gnu/armr5/lin/gcc-arm-none-eabi/bin/../armrm-xilinx-eabi/usr/lib/arm-xilinx-eabi/13.3.0 -L/home/kai/xilinx/2025.1/Vitis/gnu/armr5/lin/gcc-arm-none-eabi/bin/../armrm-xilinx-eabi/usr/lib --no-warn-rwx-segment CMakeFiles/cmTC_cfe04.dir/CMakeCXXCompilerABI.cpp.obj -lstdc++ -lm --start-group -lgcc -lc --end-group /home/kai/xilinx/2025.1/Vitis/gnu/armr5/lin/gcc-arm-none-eabi/bin/../armrm-xilinx-eabi/usr/lib/thumb/v7+fp/hard/crtend.o /home/kai/xilinx/2025.1/Vitis/gnu/armr5/lin/gcc-arm-none-eabi/bin/../armrm-xilinx-eabi/usr/lib/thumb/v7+fp/hard/crtn.o]
    arg [/home/kai/xilinx/2025.1/gnu/armr5/lin/gcc-arm-none-eabi/x86_64-oesdk-linux/usr/bin/arm-xilinx-eabi/../../libexec/arm-xilinx-eabi/gcc/arm-xilinx-eabi/13.3.0/collect2] ==> ignore
    arg [-plugin] ==> ignore
    arg [/home/kai/xilinx/2025.1/gnu/armr5/lin/gcc-arm-none-eabi/x86_64-oesdk-linux/usr/bin/arm-xilinx-eabi/../../libexec/arm-xilinx-eabi/gcc/arm-xilinx-eabi/13.3.0/liblto_plugin.so] ==> ignore
    arg [-plugin-opt=/home/kai/xilinx/2025.1/gnu/armr5/lin/gcc-arm-none-eabi/x86_64-oesdk-linux/usr/bin/arm-xilinx-eabi/../../libexec/arm-xilinx-eabi/gcc/arm-xilinx-eabi/13.3.0/lto-wrapper] ==> ignore
    arg [-plugin-opt=-fresolution=/tmp/ccLKFJip.res] ==> ignore
    arg [-plugin-opt=-pass-through=-lgcc] ==> ignore
    arg [-plugin-opt=-pass-through=-lc] ==> ignore
    arg [-flto] ==> ignore
    arg [--sysroot=/home/kai/xilinx/2025.1/Vitis/gnu/armr5/lin/gcc-arm-none-eabi/bin/../armrm-xilinx-eabi] ==> ignore
    arg [--build-id] ==> ignore
    arg [-X] ==> ignore
    arg [-o] ==> ignore
    arg [cmTC_cfe04] ==> ignore
    arg [/home/kai/xilinx/2025.1/Vitis/gnu/armr5/lin/gcc-arm-none-eabi/bin/../armrm-xilinx-eabi/usr/lib/thumb/v7+fp/hard/crti.o] ==> obj [/home/kai/xilinx/2025.1/Vitis/gnu/armr5/lin/gcc-arm-none-eabi/bin/../armrm-xilinx-eabi/usr/lib/thumb/v7+fp/hard/crti.o]
    arg [/home/kai/xilinx/2025.1/Vitis/gnu/armr5/lin/gcc-arm-none-eabi/bin/../armrm-xilinx-eabi/usr/lib/thumb/v7+fp/hard/crtbegin.o] ==> obj [/home/kai/xilinx/2025.1/Vitis/gnu/armr5/lin/gcc-arm-none-eabi/bin/../armrm-xilinx-eabi/usr/lib/thumb/v7+fp/hard/crtbegin.o]
    arg [-L/home/kai/xilinx/2025.1/Vitis/gnu/armr5/lin/gcc-arm-none-eabi/bin/../armrm-xilinx-eabi/usr/lib/thumb/v7+fp/hard] ==> dir [/home/kai/xilinx/2025.1/Vitis/gnu/armr5/lin/gcc-arm-none-eabi/bin/../armrm-xilinx-eabi/usr/lib/thumb/v7+fp/hard]
    arg [-L/home/kai/xilinx/2025.1/gnu/armr5/lin/gcc-arm-none-eabi/x86_64-oesdk-linux/usr/bin/arm-xilinx-eabi/../../lib/arm-xilinx-eabi/gcc/arm-xilinx-eabi/13.3.0] ==> dir [/home/kai/xilinx/2025.1/gnu/armr5/lin/gcc-arm-none-eabi/x86_64-oesdk-linux/usr/bin/arm-xilinx-eabi/../../lib/arm-xilinx-eabi/gcc/arm-xilinx-eabi/13.3.0]
    arg [-L/home/kai/xilinx/2025.1/gnu/armr5/lin/gcc-arm-none-eabi/x86_64-oesdk-linux/usr/bin/arm-xilinx-eabi/../../lib/arm-xilinx-eabi/gcc] ==> dir [/home/kai/xilinx/2025.1/gnu/armr5/lin/gcc-arm-none-eabi/x86_64-oesdk-linux/usr/bin/arm-xilinx-eabi/../../lib/arm-xilinx-eabi/gcc]
    arg [-L/home/kai/xilinx/2025.1/Vitis/gnu/armr5/lin/gcc-arm-none-eabi/bin/../armrm-xilinx-eabi/usr/lib/arm-xilinx-eabi/13.3.0] ==> dir [/home/kai/xilinx/2025.1/Vitis/gnu/armr5/lin/gcc-arm-none-eabi/bin/../armrm-xilinx-eabi/usr/lib/arm-xilinx-eabi/13.3.0]
    arg [-L/home/kai/xilinx/2025.1/Vitis/gnu/armr5/lin/gcc-arm-none-eabi/bin/../armrm-xilinx-eabi/usr/lib] ==> dir [/home/kai/xilinx/2025.1/Vitis/gnu/armr5/lin/gcc-arm-none-eabi/bin/../armrm-xilinx-eabi/usr/lib]
    arg [--no-warn-rwx-segment] ==> ignore
    arg [CMakeFiles/cmTC_cfe04.dir/CMakeCXXCompilerABI.cpp.obj] ==> ignore
    arg [-lstdc++] ==> lib [stdc++]
    arg [-lm] ==> lib [m]
    arg [--start-group] ==> ignore
    arg [-lgcc] ==> lib [gcc]
    arg [-lc] ==> lib [c]
    arg [--end-group] ==> ignore
    arg [/home/kai/xilinx/2025.1/Vitis/gnu/armr5/lin/gcc-arm-none-eabi/bin/../armrm-xilinx-eabi/usr/lib/thumb/v7+fp/hard/crtend.o] ==> obj [/home/kai/xilinx/2025.1/Vitis/gnu/armr5/lin/gcc-arm-none-eabi/bin/../armrm-xilinx-eabi/usr/lib/thumb/v7+fp/hard/crtend.o]
    arg [/home/kai/xilinx/2025.1/Vitis/gnu/armr5/lin/gcc-arm-none-eabi/bin/../armrm-xilinx-eabi/usr/lib/thumb/v7+fp/hard/crtn.o] ==> obj [/home/kai/xilinx/2025.1/Vitis/gnu/armr5/lin/gcc-arm-none-eabi/bin/../armrm-xilinx-eabi/usr/lib/thumb/v7+fp/hard/crtn.o]
  collapse obj [/home/kai/xilinx/2025.1/Vitis/gnu/armr5/lin/gcc-arm-none-eabi/bin/../armrm-xilinx-eabi/usr/lib/thumb/v7+fp/hard/crti.o] ==> [/home/kai/xilinx/2025.1/Vitis/gnu/armr5/lin/gcc-arm-none-eabi/armrm-xilinx-eabi/usr/lib/thumb/v7+fp/hard/crti.o]
  collapse obj [/home/kai/xilinx/2025.1/Vitis/gnu/armr5/lin/gcc-arm-none-eabi/bin/../armrm-xilinx-eabi/usr/lib/thumb/v7+fp/hard/crtbegin.o] ==> [/home/kai/xilinx/2025.1/Vitis/gnu/armr5/lin/gcc-arm-none-eabi/armrm-xilinx-eabi/usr/lib/thumb/v7+fp/hard/crtbegin.o]
  collapse obj [/home/kai/xilinx/2025.1/Vitis/gnu/armr5/lin/gcc-arm-none-eabi/bin/../armrm-xilinx-eabi/usr/lib/thumb/v7+fp/hard/crtend.o] ==> [/home/kai/xilinx/2025.1/Vitis/gnu/armr5/lin/gcc-arm-none-eabi/armrm-xilinx-eabi/usr/lib/thumb/v7+fp/hard/crtend.o]
  collapse obj [/home/kai/xilinx/2025.1/Vitis/gnu/armr5/lin/gcc-arm-none-eabi/bin/../armrm-xilinx-eabi/usr/lib/thumb/v7+fp/hard/crtn.o] ==> [/home/kai/xilinx/2025.1/Vitis/gnu/armr5/lin/gcc-arm-none-eabi/armrm-xilinx-eabi/usr/lib/thumb/v7+fp/hard/crtn.o]
  collapse library dir [/home/kai/xilinx/2025.1/Vitis/gnu/armr5/lin/gcc-arm-none-eabi/bin/../armrm-xilinx-eabi/usr/lib/thumb/v7+fp/hard] ==> [/home/kai/xilinx/2025.1/Vitis/gnu/armr5/lin/gcc-arm-none-eabi/armrm-xilinx-eabi/usr/lib/thumb/v7+fp/hard]
  collapse library dir [/home/kai/xilinx/2025.1/gnu/armr5/lin/gcc-arm-none-eabi/x86_64-oesdk-linux/usr/bin/arm-xilinx-eabi/../../lib/arm-xilinx-eabi/gcc/arm-xilinx-eabi/13.3.0] ==> [/home/kai/xilinx/2025.1/gnu/armr5/lin/gcc-arm-none-eabi/x86_64-oesdk-linux/usr/lib/arm-xilinx-eabi/gcc/arm-xilinx-eabi/13.3.0]
  collapse library dir [/home/kai/xilinx/2025.1/gnu/armr5/lin/gcc-arm-none-eabi/x86_64-oesdk-linux/usr/bin/arm-xilinx-eabi/../../lib/arm-xilinx-eabi/gcc] ==> [/home/kai/xilinx/2025.1/gnu/armr5/lin/gcc-arm-none-eabi/x86_64-oesdk-linux/usr/lib/arm-xilinx-eabi/gcc]
  collapse library dir [/home/kai/xilinx/2025.1/Vitis/gnu/armr5/lin/gcc-arm-none-eabi/bin/../armrm-xilinx-eabi/usr/lib/arm-xilinx-eabi/13.3.0] ==> [/home/kai/xilinx/2025.1/Vitis/gnu/armr5/lin/gcc-arm-none-eabi/armrm-xilinx-eabi/usr/lib/arm-xilinx-eabi/13.3.0]
  collapse library dir [/home/kai/xilinx/2025.1/Vitis/gnu/armr5/lin/gcc-arm-none-eabi/bin/../armrm-xilinx-eabi/usr/lib] ==> [/home/kai/xilinx/2025.1/Vitis/gnu/armr5/lin/gcc-arm-none-eabi/armrm-xilinx-eabi/usr/lib]
  implicit libs: [stdc++;m;gcc;c]
  implicit objs: [/home/kai/xilinx/2025.1/Vitis/gnu/armr5/lin/gcc-arm-none-eabi/armrm-xilinx-eabi/usr/lib/thumb/v7+fp/hard/crti.o;/home/kai/xilinx/2025.1/Vitis/gnu/armr5/lin/gcc-arm-none-eabi/armrm-xilinx-eabi/usr/lib/thumb/v7+fp/hard/crtbegin.o;/home/kai/xilinx/2025.1/Vitis/gnu/armr5/lin/gcc-arm-none-eabi/armrm-xilinx-eabi/usr/lib/thumb/v7+fp/hard/crtend.o;/home/kai/xilinx/2025.1/Vitis/gnu/armr5/lin/gcc-arm-none-eabi/armrm-xilinx-eabi/usr/lib/thumb/v7+fp/hard/crtn.o]
  implicit dirs: [/home/kai/xilinx/2025.1/Vitis/gnu/armr5/lin/gcc-arm-none-eabi/armrm-xilinx-eabi/usr/lib/thumb/v7+fp/hard;/home/kai/xilinx/2025.1/gnu/armr5/lin/gcc-arm-none-eabi/x86_64-oesdk-linux/usr/lib/arm-xilinx-eabi/gcc/arm-xilinx-eabi/13.3.0;/home/kai/xilinx/2025.1/gnu/armr5/lin/gcc-arm-none-eabi/x86_64-oesdk-linux/usr/lib/arm-xilinx-eabi/gcc;/home/kai/xilinx/2025.1/Vitis/gnu/armr5/lin/gcc-arm-none-eabi/armrm-xilinx-eabi/usr/lib/arm-xilinx-eabi/13.3.0;/home/kai/xilinx/2025.1/Vitis/gnu/armr5/lin/gcc-arm-none-eabi/armrm-xilinx-eabi/usr/lib]
  implicit fwks: []


Checking whether the ASM compiler is GNU using "--version" matched "(GNU assembler)|(GCC)|(Free Software Foundation)":
arm-xilinx-eabi-gcc.real (GCC) 13.3.0
Copyright (C) 2023 Free Software Foundation, Inc.
This is free software; see the source for copying conditions.  There is NO
warranty; not even for MERCHANTABILITY or FITNESS FOR A PARTICULAR PURPOSE.

